"pair_id","topic","text_a","text_b","label","similarity_type"
"PAIR_001","Renewable Energy","We can no longer treat renewable energy as a distant problem that someone else will solve. The following pages argue that practical action is both possible and urgent. Consider first that solar power has become cheaper than many fossil fuel sources. The proof is clear when rooftop panels now supply a growing share of household electricity in India. Just as troubling, battery storage allows surplus energy to be saved for later use. Look at what happens when large grid batteries are now installed beside new solar plants. We should also remember that outdated electricity grids struggle to carry power from remote generation sites. Real life confirms this, since projects in rural areas sometimes wait years for a grid connection. Even more striking, government subsidies encourage households and companies to switch. The proof is clear when feed-in tariffs helped Germany expand its solar capacity quickly. Some people argue that change is too expensive, but doing nothing carries a much higher price. Every community has a role to play, from local groups to national leaders. Small decisions made by ordinary people add up to real change when they are shared widely. Excuses and delays have already cost us valuable time that we cannot recover. It is easy to feel powerless, but history shows that determined communities can shift public opinion. The way forward lies in affordable storage technology, long-term policy support and upgraded transmission networks. If we commit to these steps now, the next generation will inherit a far better situation. The choice is ours, and renewable energy will only improve if we act with determination.","When I began researching renewable energy, I was surprised by how many different angles there are. In this assignment I describe the main problems I found and some realistic ways forward. First of all, wind farms generate large amounts of electricity without direct emissions. You can see this when offshore turbines in the North Sea power millions of homes. Another thing I noticed is that green jobs offer new work to people leaving traditional energy industries. A good illustration is that installation and maintenance of turbines employ thousands of technicians. It is also worth mentioning that intermittent supply makes it difficult to match generation with demand. To give one example, solar output drops sharply in the evening when households use the most power. Then there is the fact that hydropower provides steady electricity but alters river ecosystems. You can see this when big dams have displaced communities in several countries. Before this project I had not really thought about how closely these things are connected. Talking to friends and family about it also showed me that people hold very different opinions. I think it is easy to ignore the topic because the effects often appear slowly. From what I read, the most practical steps would be upgraded transmission networks, community-owned solar projects and retraining for energy workers. I believe these ideas are achievable if people are willing to cooperate and think about the long term. Overall, my research shows that renewable energy affects everyday life more than most people realise.","0","independent_disjoint_points_distinct_solutions"
"PAIR_002","Public Transportation","When I began researching public transportation, I was surprised by how many different angles there are. In this assignment I describe the main problems I found and some realistic ways forward. First of all, electric buses cut emissions on busy routes. A good illustration is that several cities have replaced diesel fleets with battery models. Another thing I noticed is that high infrastructure costs slow the building of new lines. To give one example, metro projects often take a decade to complete. It is also worth mentioning that affordable fares give low-income residents access to jobs. You can see this when monthly passes often cost far less than owning a car. Then there is the fact that limited coverage leaves suburbs poorly connected. A good illustration is that residents of outer districts may need several transfers. Before this project I had not really thought about how closely these things are connected. Talking to friends and family about it also showed me that people hold very different opinions. I think it is easy to ignore the topic because the effects often appear slowly. Looking at several sources made me realise that the picture is more complicated than headlines suggest. From what I read, the most practical steps would be integrated tickets across modes, dedicated bus lanes and safer stations and stops. I believe these ideas are achievable if people are willing to cooperate and think about the long term. Overall, my research shows that public transportation affects everyday life more than most people realise.","When I began researching public transportation, I was surprised by how many different angles there are. In this assignment I describe the key problems I found and some practical ways forward. First of all, electric buses cut emissions on busy routes. A good illustration is that several cities have replaced diesel fleets with battery models. Another thing I noticed is that high infrastructure costs slow the building of new lines. To give one example, metro projects often take a decade to complete. It is also worth mentioning that affordable fares give low-income residents access to jobs. You can see this when monthly passes often cost far less than owning a car. Then there is the fact that limited coverage leaves suburbs poorly connected. A good illustration is that residents of outer districts may need several transfers. Before this project I had not really thought about how closely these things are connected. Talking to friends and family about it also showed me that people hold very different opinions. I think it is easy to ignore the topic because the effects often appear slowly. Looking at several sources made me realise that the picture is more complicated than headlines suggest. From what I read, the most realistic steps would be integrated tickets across modes, dedicated bus lanes and safer stations and stops. I believe these ideas are achievable if people are willing to cooperate and think about the long term. Overall, my research shows that public transportation influences everyday life more than most people realise.","1","near_duplicate_copy"
"PAIR_003","Artificial Intelligence in Education","Research on artificial intelligence in education usually highlights a number of linked causes and consequences. The discussion below outlines the strongest of these and evaluates possible responses. One finding that stands out is that biased algorithms can treat some groups of students unfairly. Consider how automated screening tools have sometimes favoured certain backgrounds. Related to this, unequal access to technology may widen gaps between wealthy and poor students. The case is illustrated when pupils without home internet cannot use many smart platforms. The data also suggest that AI writing assistants raise concerns about plagiarism and weaker writing skills. Practical evidence includes the fact that many universities have rewritten their academic integrity policies. A further point is that teacher training determines whether new tools are used well or wasted. Consider how schools that bought software without training often saw little benefit. Studies in this field often disagree on the exact size of each effect, which complicates comparison. Measurement challenges mean that some trends are easier to document than others. Differences between regions suggest that local conditions strongly influence outcomes. Long-term monitoring is required to confirm whether current trends will continue. Comparisons across countries reveal that similar problems can produce very different results. Based on this evidence, the most promising responses are clear rules on acceptable AI use, funding for devices in poorer schools and regular teacher training. Each option carries costs, yet the expected benefits appear to outweigh them over time. Ultimately, the evidence indicates that artificial intelligence in education cannot be understood or managed through isolated actions.","Research on artificial intelligence in education usually highlights a number of linked causes and consequences. The discussion below outlines the strongest of these and evaluates possible responses. One finding that stands out is that biased algorithms can treat some groups of students unfairly. Consider how automated screening tools have sometimes favoured certain backgrounds. Related to this, unequal access to technology may widen gaps between wealthy and poor students. The case is illustrated when pupils without home internet cannot use many smart platforms. The data also suggest that personalised learning tools adapt lessons to the pace of each student. Practical evidence includes the fact that some maths apps adjust question difficulty after every answer. A further point is that data collection raises serious questions about student privacy. Consider how learning platforms record how long each pupil spends on every task. Studies in this field often disagree on the exact size of each effect, which complicates comparison. Measurement challenges mean that some trends are easier to document than others. Differences between regions suggest that local conditions strongly influence outcomes. Long-term monitoring is required to confirm whether current trends will continue. Comparisons across countries reveal that similar problems can produce very different results. Based on this evidence, the most promising responses are clear rules on acceptable AI use, funding for devices in poorer schools and regular teacher training. Each option carries costs, yet the expected benefits appear to outweigh them over time. Ultimately, the evidence indicates that artificial intelligence in education cannot be understood or managed through isolated actions.","1","partial_overlap_copy"
"PAIR_004","Digital Privacy","Research on digital privacy usually highlights a number of linked causes and consequences. The discussion below outlines the strongest of these and evaluates possible responses. One finding that stands out is that targeted advertising relies on detailed profiles of online behaviour. Consider how shoppers often see ads for products they only mentioned in conversation. Related to this, long privacy policies prevent users from making informed choices. The case is illustrated when few people read the terms before clicking accept. The data also suggest that facial recognition allows people to be tracked in public spaces. Practical evidence includes the fact that cameras in some cities can identify individuals in crowds. A further point is that children's data needs special protection from commercial use. Consider how games and apps often track young players. Studies in this field often disagree on the exact size of each effect, which complicates comparison. Measurement challenges mean that some trends are easier to document than others. Differences between regions suggest that local conditions strongly influence outcomes. Long-term monitoring is required to confirm whether current trends will continue. Comparisons across countries reveal that similar problems can produce very different results. Economic factors appear to interact with cultural attitudes in ways that are not yet fully understood. Based on this evidence, the most promising responses are stronger data protection laws, simple and honest consent forms and privacy-friendly default settings. Each option carries costs, yet the expected benefits appear to outweigh them over time. Ultimately, the evidence indicates that digital privacy cannot be understood or managed through isolated actions.","Digital privacy has become one of the most widely debated issues of the modern era. This assignment examines several dimensions of digital privacy and considers how each might be addressed. A central concern is that government surveillance must be balanced against civil liberties. This can be seen in the fact that debates continue over bulk collection of communications. It is also clear that data brokers collect and sell personal information. Evidence of this appears where companies can buy lists describing a person's habits and income. Another significant factor is that smart speakers listen for commands and may record more than expected. For example, household conversations can be stored on company servers. Furthermore, data leaks expose addresses, passwords and financial details. This can be seen in the fact that large breaches have affected millions of customers at once. A balanced analysis must recognise that social, economic and personal factors interact over time. No single policy or action can resolve every challenge in this area, so coordination is essential. Careful research and open public discussion remain necessary to guide sensible decisions. The scale of the issue means that delays in action are likely to increase the eventual costs. Public understanding of these questions is still uneven, which makes informed debate harder. To respond effectively, policymakers and individuals should consider regular independent audits, stronger data protection laws and public education on safe online habits. Taken together, these measures would lower the long-term risks and spread the benefits more fairly. In conclusion, digital privacy demands sustained attention from institutions, communities and individuals alike.","0","independent_disjoint_points_distinct_solutions"
"PAIR_005","Cybersecurity","Cybersecurity has become one of the most widely debated issues of the modern era. This assignment examines several dimensions of cybersecurity and considers how each might be addressed. A central concern is that weak passwords leave personal accounts easy to break into. For example, many people still reuse one password across several websites. It is also clear that phishing emails trick employees into revealing passwords. This can be seen in the fact that fake delivery notices remain one of the most common attack methods. Another significant factor is that insider mistakes cause a surprising share of security incidents. Evidence of this appears where a misdirected email can expose thousands of customer records. Furthermore, data breaches damage customer trust and bring heavy fines. For example, retailers have lost millions after card details were stolen. A balanced analysis must recognise that social, economic and personal factors interact over time. No single policy or action can resolve every challenge in this area, so coordination is essential. Careful research and open public discussion remain necessary to guide sensible decisions. The scale of the issue means that delays in action are likely to increase the eventual costs. Public understanding of these questions is still uneven, which makes informed debate harder. To respond effectively, policymakers and individuals should consider multi-factor authentication, clear incident response plans and offline data backups. Taken together, these measures would lower the long-term risks and spread the benefits more fairly. In conclusion, cybersecurity demands sustained attention from institutions, communities and individuals alike.","Research on cybersecurity usually highlights a number of linked causes and consequences. The discussion below outlines the strongest of these and evaluates possible responses. One finding that stands out is that skills shortages leave many companies poorly defended. Practical evidence includes the fact that small businesses rarely employ a dedicated security expert. Related to this, connected devices add new entry points to home and office networks. Consider how smart cameras are often sold with default passwords. The data also suggest that weak passwords leave personal accounts easy to break into. The case is illustrated when many people still reuse one password across several websites. A further point is that outdated software contains known flaws that criminals exploit. Practical evidence includes the fact that large breaches have followed failures to install available updates. Studies in this field often disagree on the exact size of each effect, which complicates comparison. Measurement challenges mean that some trends are easier to document than others. Differences between regions suggest that local conditions strongly influence outcomes. Long-term monitoring is required to confirm whether current trends will continue. Comparisons across countries reveal that similar problems can produce very different results. Economic factors appear to interact with cultural attitudes in ways that are not yet fully understood. Based on this evidence, the most promising responses are prompt software updates, multi-factor authentication and offline data backups. Each option carries costs, yet the expected benefits appear to outweigh them over time. Ultimately, the evidence indicates that cybersecurity cannot be understood or managed through isolated actions.","0","independent_one_common_point"
"PAIR_006","Climate Change","Research on climate change usually highlights a number of linked causes and consequences. The discussion below outlines the strongest of these and evaluates possible responses. One finding that stands out is that melting glaciers reduce the freshwater that millions of people rely on. Practical evidence includes the fact that rivers fed by Himalayan ice support farming across South Asia. Related to this, ocean warming damages coral reefs and local fishing industries. Consider how large coral bleaching events have affected reefs along the Australian coast. The data also suggest that more frequent heatwaves put heavy pressure on hospitals and power grids. The case is illustrated when record summer temperatures in Europe have been linked to thousands of heat-related deaths. A further point is that the burning of fossil fuels releases most of the carbon dioxide that traps heat. Practical evidence includes the fact that coal and oil remain major sources of electricity and transport energy worldwide. Studies in this field often disagree on the exact size of each effect, which complicates comparison. Measurement challenges mean that some trends are easier to document than others. Differences between regions suggest that local conditions strongly influence outcomes. Long-term monitoring is required to confirm whether current trends will continue. Based on this evidence, the most promising responses are stronger carbon pricing, climate-resilient infrastructure and international agreements on emission targets. Each option carries costs, yet the expected benefits appear to outweigh them over time. Ultimately, the evidence indicates that climate change cannot be understood or managed through isolated actions.","We can no longer treat climate change as a distant problem that someone else will solve. The following pages argue that practical action is both possible and urgent. Consider first that deforestation removes natural carbon storage and wildlife habitat. The proof is clear when large areas of the Amazon have been cleared for cattle and soybeans. Just as troubling, extreme storms destroy homes and interrupt supply chains. Look at what happens when powerful hurricanes have caused billions of dollars in damage along coastlines. We should also remember that shifting rainfall patterns disrupt planting seasons and crop yields. Real life confirms this, since farmers in many regions report that monsoon timing has become unpredictable. Even more striking, rising sea levels threaten coastal cities and low-lying farmland. The proof is clear when small island nations such as the Maldives already plan for the loss of habitable land. Some people argue that change is too expensive, but doing nothing carries a much higher price. Every community has a role to play, from local groups to national leaders. Small decisions made by ordinary people add up to real change when they are shared widely. Excuses and delays have already cost us valuable time that we cannot recover. It is easy to feel powerless, but history shows that determined communities can shift public opinion. The way forward lies in climate-resilient infrastructure, investment in clean energy and stronger carbon pricing. If we commit to these steps now, the next generation will inherit a far better situation. The choice is ours, and climate change will only improve if we act with determination.","0","independent_disjoint_points"
"PAIR_007","Digital Privacy","Research on digital privacy usually highlights a number of linked causes and consequences. The discussion below outlines the strongest of these and evaluates possible responses. One finding that stands out is that targeted advertising relies on detailed profiles of online behaviour. Consider how shoppers often see ads for products they only mentioned in conversation. Related to this, data brokers collect and sell personal information. The case is illustrated when companies can buy lists describing a person's habits and income. The data also suggest that data leaks expose addresses, passwords and financial details. Practical evidence includes the fact that large breaches have affected millions of customers at once. A further point is that facial recognition allows people to be tracked in public spaces. Consider how cameras in some cities can identify individuals in crowds. Studies in this field often disagree on the exact size of each effect, which complicates comparison. Measurement challenges mean that some trends are easier to document than others. Differences between regions suggest that local conditions strongly influence outcomes. Long-term monitoring is required to confirm whether current trends will continue. Comparisons across countries reveal that similar problems can produce very different results. Economic factors appear to interact with cultural attitudes in ways that are not yet fully understood. Based on this evidence, the most promising responses are privacy-friendly default settings, regular independent audits and public education on safe online habits. Each option carries costs, yet the expected benefits appear to outweigh them over time. Ultimately, the evidence indicates that digital privacy cannot be understood or managed through isolated actions.","Research on digital privacy usually highlights a number of linked causes and consequences. The discussion below outlines the strongest of these and evaluates possible responses. One finding that stands out is that targeted advertising relies on detailed profiles of online behaviour. Consider how shoppers frequently see ads for products they only mentioned in conversation. Related to this, data brokers collect and sell personal information. The case is illustrated when companies can buy lists describing a person's habits and income. The data also suggest that data leaks expose addresses, passwords and financial details. Realistic evidence includes the fact that substantial breaches have affected millions of customers at once. A further point is that facial recognition allows people to be tracked in public spaces. Consider how cameras in some cities can identify individuals in crowds. Studies in this field frequently disagree on the exact size of each effect, which complicates comparison. Measurement challenges mean that some trends are easier to document than others. Differences between regions suggest that local conditions strongly influence outcomes. Long-term monitoring is required to confirm whether current trends will continue. Comparisons across countries reveal that similar problems can produce very different results. Economic factors appear to interact with cultural attitudes in ways that are not yet fully understood. Based on this evidence, the most promising responses are privacy-friendly default settings, regular independent audits and public education on safe online habits. Each option carries costs, yet the expected advantages appear to outweigh them over time. Ultimately, the evidence indicates that digital privacy cannot be understood or managed through isolated actions.","1","near_duplicate_copy"
"PAIR_008","Water Scarcity","Water scarcity has become one of the most widely debated issues of the modern era. This assignment examines several dimensions of water scarcity and considers how each might be addressed. A central concern is that pollution makes available water unsafe to use. For example, industrial waste has contaminated several rivers. It is also clear that drought reduces harvests and raises food prices. This can be seen in the fact that repeated dry seasons have devastated crops in East Africa. Another significant factor is that unequal access means poorer households pay more for water. Evidence of this appears where families in informal areas often buy from private tankers. Furthermore, shared rivers create tension between neighbouring countries. For example, disputes over dams have strained regional relations. A balanced analysis must recognise that social, economic and personal factors interact over time. No single policy or action can resolve every challenge in this area, so coordination is essential. Careful research and open public discussion remain necessary to guide sensible decisions. The scale of the issue means that delays in action are likely to increase the eventual costs. Public understanding of these questions is still uneven, which makes informed debate harder. Responsibility is shared between governments, businesses and ordinary citizens in different ways. To respond effectively, policymakers and individuals should consider repair of ageing pipes, rainwater harvesting and wastewater recycling. Taken together, these measures would lower the long-term risks and spread the benefits more fairly. In conclusion, water scarcity demands sustained attention from institutions, communities and individuals alike.","When I began researching water scarcity, I was surprised by how many different angles there are. In this assignment I describe the main problems I found and some realistic ways forward. First of all, growing populations increase demand for drinking water. A good illustration is that cities in dry regions struggle to supply every household. Another thing I noticed is that leaking pipes waste treated water before it reaches homes. To give one example, some cities lose a third of their supply to leaks. It is also worth mentioning that irrigation uses the largest share of fresh water worldwide. You can see this when rice and cotton farming require huge volumes of water. Then there is the fact that falling groundwater levels force farmers to dig deeper wells. A good illustration is that parts of northern India have seen steady drops in the water table. Before this project I had not really thought about how closely these things are connected. Talking to friends and family about it also showed me that people hold very different opinions. I think it is easy to ignore the topic because the effects often appear slowly. Looking at several sources made me realise that the picture is more complicated than headlines suggest. From what I read, the most practical steps would be wastewater recycling, fair pricing and shared river agreements and drip irrigation. I believe these ideas are achievable if people are willing to cooperate and think about the long term. Overall, my research shows that water scarcity affects everyday life more than most people realise.","0","independent_disjoint_points"
"PAIR_009","Nutrition and Obesity","Nutrition and obesity has become one of the most widely debated issues of the modern era. This assignment examines several dimensions of nutrition and obesity and considers how each might be addressed. A central concern is that nutrition education helps people read labels and plan meals. For example, cooking lessons give young people practical skills. It is also clear that sedentary lifestyles reduce the calories people burn each day. This can be seen in the fact that office work and long hours of screen time limit movement. Another significant factor is that school meals shape eating habits from an early age. Evidence of this appears where programmes with fresh ingredients have improved pupils' diets. Furthermore, ultra-processed foods are high in sugar, salt and fat. For example, snacks and soft drinks make up a large share of many diets. A balanced analysis must recognise that social, economic and personal factors interact over time. No single policy or action can resolve every challenge in this area, so coordination is essential. Careful research and open public discussion remain necessary to guide sensible decisions. The scale of the issue means that delays in action are likely to increase the eventual costs. Public understanding of these questions is still uneven, which makes informed debate harder. To respond effectively, policymakers and individuals should consider sugar taxes, clearer food labelling and restrictions on marketing to children. Taken together, these measures would lower the long-term risks and spread the benefits more fairly. In conclusion, nutrition and obesity demands sustained attention from institutions, communities and individuals alike.","We can no longer treat nutrition and obesity as a distant problem that someone else will solve. The following pages argue that practical action is both possible and urgent. Consider first that healthy food prices put fresh produce out of reach for some families. Real life confirms this, since fruit and vegetables can cost more per calorie than fast food. Just as troubling, food marketing influences the choices of children. The proof is clear when cartoon characters are widely used to promote sugary cereals. We should also remember that food deserts limit access to fresh groceries in poorer areas. Look at what happens when some neighbourhoods have no supermarket within walking distance. Even more striking, portion sizes have grown steadily over recent decades. Real life confirms this, since restaurant meals are often much larger than they once were. Some people argue that change is too expensive, but doing nothing carries a much higher price. Every community has a role to play, from local groups to national leaders. Small decisions made by ordinary people add up to real change when they are shared widely. Excuses and delays have already cost us valuable time that we cannot recover. It is easy to feel powerless, but history shows that determined communities can shift public opinion. The way forward lies in clearer food labelling, healthier school meals and safe spaces for exercise. If we commit to these steps now, the next generation will inherit a far better situation. The choice is ours, and nutrition and obesity will only improve if we act with determination.","0","independent_disjoint_points"
"PAIR_010","Digital Privacy","When I started researching digital privacy, I was surprised by how numerous different angles there are. In this assignment I describe the key problems I found and some practical ways forward. First of all, long privacy policies prevent users from making informed choices. To give one example, few people read the terms before clicking accept. Another thing I noticed is that facial recognition allows people to be tracked in public spaces. You can see this when cameras in some cities can identify individuals in crowds. It is also worth mentioning that data brokers collect and sell personal information. A good illustration is that companies can buy lists describing a person's habits and income. Then there is the fact that smart speakers listen for commands and may record more than expected. To give one example, household conversations can be stored on company servers. Before this project I had not really thought about how closely these things are connected. Talking to friends and family about it also showed me that people hold very different opinions. I think it is easy to ignore the topic because the effects often appear slowly. Looking at several sources made me realise that the picture is more complicated than headlines suggest. From what I read, the most practical steps would be privacy-friendly default settings, public education on safe online habits and stronger data protection laws. I believe these ideas are achievable if people are willing to cooperate and think about the long term. Overall, my research shows that digital privacy affects everyday life more than most people realise.","Research on digital privacy usually highlights a number of linked causes and consequences. The discussion below outlines the strongest of these and evaluates possible responses. One finding that stands out is that long privacy policies prevent users from making informed choices. Consider how few people read the terms before clicking accept. Related to this, facial recognition allows people to be tracked in public spaces. The case is illustrated when cameras in some cities can identify individuals in crowds. The data also suggest that data brokers collect and sell personal information. Practical evidence includes the fact that companies can buy lists describing a person's habits and income. A further point is that smart speakers listen for commands and may record more than expected. Consider how household conversations can be stored on company servers. Studies in this field often disagree on the exact size of each effect, which complicates comparison. Measurement challenges mean that some trends are easier to document than others. Differences between regions suggest that local conditions strongly influence outcomes. Long-term monitoring is required to confirm whether current trends will continue. Comparisons across countries reveal that similar problems can produce very different results. Economic factors appear to interact with cultural attitudes in ways that are not yet fully understood. Based on this evidence, the most promising responses are privacy-friendly default settings, public education on safe online habits and stronger data protection laws. Each option carries costs, yet the expected benefits appear to outweigh them over time. Ultimately, the evidence indicates that digital privacy cannot be understood or managed through isolated actions.","1","paraphrased_same_outline"
"PAIR_011","Urbanization","Urbanization has become one of the most widely debated issues of the modern era. This assignment examines several dimensions of urbanization and considers how each might be addressed. A central concern is that economic opportunity attracts people looking for better jobs. This can be seen in the fact that cities generate a large share of national income. It is also clear that rising rents push low-income families to the outskirts. Evidence of this appears where key workers often live far from the neighbourhoods they serve. Another significant factor is that traffic congestion wastes time and increases air pollution. For example, commuters in major cities lose hours each week in jams. Furthermore, pressure on water and sanitation affects health in crowded districts. This can be seen in the fact that some fast-growing cities cannot connect every home to clean supplies. A balanced analysis must recognise that social, economic and personal factors interact over time. No single policy or action can resolve every challenge in this area, so coordination is essential. Careful research and open public discussion remain necessary to guide sensible decisions. The scale of the issue means that delays in action are likely to increase the eventual costs. Public understanding of these questions is still uneven, which makes informed debate harder. To respond effectively, policymakers and individuals should consider more urban parks and trees, affordable housing schemes and long-term city planning. Taken together, these measures would lower the long-term risks and spread the benefits more fairly. In conclusion, urbanization demands sustained attention from institutions, communities and individuals alike.","Research on urbanization usually highlights a number of linked causes and consequences. The discussion below outlines the strongest of these and evaluates possible responses. One finding that stands out is that traffic congestion wastes time and increases air pollution. Consider how commuters in major cities lose hours each week in jams. Related to this, urban heat makes cities hotter than surrounding countryside. The case is illustrated when concrete and asphalt store heat through the night. The data also suggest that rapid migration to cities puts pressure on housing and services. Practical evidence includes the fact that informal settlements have grown around many large metropolitan areas. A further point is that strained public services slow down schools and hospitals. Consider how clinics in dense districts often have long queues. Studies in this field often disagree on the exact size of each effect, which complicates comparison. Measurement challenges mean that some trends are easier to document than others. Differences between regions suggest that local conditions strongly influence outcomes. Long-term monitoring is required to confirm whether current trends will continue. Comparisons across countries reveal that similar problems can produce very different results. Economic factors appear to interact with cultural attitudes in ways that are not yet fully understood. Based on this evidence, the most promising responses are affordable housing schemes, long-term city planning and investment in water systems. Each option carries costs, yet the expected benefits appear to outweigh them over time. Ultimately, the evidence indicates that urbanization cannot be understood or managed through isolated actions.","0","independent_one_common_point"
"PAIR_012","Plastic Pollution","When I began researching plastic pollution, I was surprised by how many different angles there are. In this assignment I describe the main problems I found and some realistic ways forward. First of all, ocean debris harms marine animals that mistake it for food. A good illustration is that turtles and seabirds are regularly found with plastic in their stomachs. Another thing I noticed is that fishing gear left at sea continues to trap wildlife for years. To give one example, abandoned nets make up a large share of ocean plastic. It is also worth mentioning that waste exports move the problem to poorer countries. You can see this when several nations have refused shipments of mixed plastic waste. Then there is the fact that cheap production makes plastic more attractive than alternatives. A good illustration is that new bottles are often cheaper than recycled material. Before this project I had not really thought about how closely these things are connected. Talking to friends and family about it also showed me that people hold very different opinions. I think it is easy to ignore the topic because the effects often appear slowly. Looking at several sources made me realise that the picture is more complicated than headlines suggest. From what I read, the most practical steps would be better collection infrastructure, producer responsibility schemes and refill and reuse systems. I believe these ideas are achievable if people are willing to cooperate and think about the long term. Overall, my research shows that plastic pollution affects everyday life more than most people realise.","When I began researching plastic pollution, I was surprised by how many different angles there are. In this assignment I describe the key problems I found and some realistic ways forward. First of all, ocean debris harms marine animals that mistake it for food. You can see this when turtles and seabirds are regularly found with plastic in their stomachs. Another thing I noticed is that fishing gear left at sea continues to trap wildlife for years. A good illustration is that abandoned nets make up a large share of ocean plastic. It is also worth mentioning that waste exports move the problem to poorer countries. To give one example, several nations have refused shipments of mixed plastic waste. Then there is the fact that cheap production makes plastic more attractive than alternatives. You can see this when new bottles are frequently cheaper than recycled material. Before this project I had not really thought about how closely these things are connected. Talking to friends and family about it also showed me that people hold very different opinions. I think it is easy to ignore the topic because the effects often appear slowly. Looking at several sources made me realise that the picture is more complicated than headlines suggest. From what I read, the most realistic steps would be better collection infrastructure, producer responsibility schemes and refill and reuse systems. I think these ideas are achievable if people are willing to cooperate and think about the long term. Overall, my research shows that plastic pollution affects everyday life more than most people realise.","1","shared_content_light_rewrite"
"PAIR_013","Public Transportation","We can no longer treat public transportation as a distant problem that someone else will solve. The following pages argue that practical action is both possible and urgent. Consider first that integrated ticketing makes journeys simpler. The proof is clear when a single card can pay for trains, buses and trams. Just as troubling, fewer private cars reduce congestion and exhaust fumes. Look at what happens when cities with strong metro networks usually have cleaner air. We should also remember that electric buses cut emissions on busy routes. Real life confirms this, since several cities have replaced diesel fleets with battery models. Even more striking, safety concerns discourage some passengers, especially at night. The proof is clear when poor lighting at stations makes many people uneasy. Some people argue that change is too expensive, but doing nothing carries a much higher price. Every community has a role to play, from local groups to national leaders. Small decisions made by ordinary people add up to real change when they are shared widely. Excuses and delays have already cost us valuable time that we cannot recover. It is easy to feel powerless, but history shows that determined communities can shift public opinion. Leaders who ignore this reality will eventually be forced to respond to growing public pressure. The way forward lies in dedicated bus lanes, investment in electric fleets and more frequent services. If we commit to these steps now, the next generation will inherit a far better situation. The choice is ours, and public transportation will only improve if we act with determination.","Public transportation has become one of the most widely debated issues of the modern era. This assignment examines several dimensions of public transportation and considers how each might be addressed. A central concern is that high infrastructure costs slow the building of new lines. Evidence of this appears where metro projects often take a decade to complete. It is also clear that limited coverage leaves suburbs poorly connected. For example, residents of outer districts may need several transfers. Another significant factor is that integrated ticketing makes journeys simpler. This can be seen in the fact that a single card can pay for trains, buses and trams. Furthermore, unreliable services push commuters back into their cars. Evidence of this appears where frequent delays make timetables hard to trust. A balanced analysis must recognise that social, economic and personal factors interact over time. No single policy or action can resolve every challenge in this area, so coordination is essential. Careful research and open public discussion remain necessary to guide sensible decisions. The scale of the issue means that delays in action are likely to increase the eventual costs. Public understanding of these questions is still uneven, which makes informed debate harder. Responsibility is shared between governments, businesses and ordinary citizens in different ways. To respond effectively, policymakers and individuals should consider integrated tickets across modes, more frequent services and dedicated bus lanes. Taken together, these measures would lower the long-term risks and spread the benefits more fairly. In conclusion, public transportation demands sustained attention from institutions, communities and individuals alike.","0","independent_one_common_point"
"PAIR_014","Globalization","Globalization has become one of the most widely debated issues of the modern era. This assignment examines several dimensions of globalization and considers how each might be addressed. A central concern is that migration fills labour gaps but raises debates about integration. For example, many hospitals rely on staff trained abroad. It is also clear that multinational companies hold great influence over small economies. This can be seen in the fact that a few firms control large parts of global markets. Another significant factor is that supply chain dependence makes economies vulnerable to disruption. Evidence of this appears where shortages in one country can halt production elsewhere. Furthermore, environmental costs come from shipping goods over long distances. For example, container ships burn large amounts of heavy fuel. A balanced analysis must recognise that social, economic and personal factors interact over time. No single policy or action can resolve every challenge in this area, so coordination is essential. Careful research and open public discussion remain necessary to guide sensible decisions. The scale of the issue means that delays in action are likely to increase the eventual costs. Public understanding of these questions is still uneven, which makes informed debate harder. Responsibility is shared between governments, businesses and ordinary citizens in different ways. To respond effectively, policymakers and individuals should consider global environmental rules, support for displaced workers and stronger labour standards. Taken together, these measures would lower the long-term risks and spread the benefits more fairly. In conclusion, globalization demands sustained attention from institutions, communities and individuals alike.","Globalization has become one of the most widely debated issues of the modern era. This assignment examines several dimensions of globalization and considers how each might be addressed. A central concern is that migration fills labour gaps but raises debates about integration. For example, many hospitals rely on staff trained abroad. It is also clear that multinational companies hold great influence over small economies. This can be seen in the fact that a few firms control large parts of global markets. Another significant factor is that outsourcing moves factory jobs to countries with lower wages. Evidence of this appears where many clothing brands manufacture in Bangladesh and Vietnam. Furthermore, income inequality can widen when benefits are unevenly shared. For example, gains from trade often favour skilled workers. A balanced analysis must recognise that social, economic and personal factors interact over time. No single policy or action can resolve every challenge in this area, so coordination is essential. Careful research and open public discussion remain necessary to guide sensible decisions. The scale of the issue means that delays in action are likely to increase the eventual costs. Public understanding of these questions is still uneven, which makes informed debate harder. Responsibility is shared between governments, businesses and ordinary citizens in different ways. To respond effectively, policymakers and individuals should consider global environmental rules, support for displaced workers and stronger labour standards. Taken together, these measures would lower the long-term risks and spread the benefits more fairly. In conclusion, globalization demands sustained attention from institutions, communities and individuals alike.","1","partial_overlap_copy"
"PAIR_015","Climate Change","Research on climate change usually highlights a number of linked causes and consequences. The discussion below outlines the strongest of these and evaluates possible responses. One finding that stands out is that rising sea levels threaten coastal cities and low-lying farmland. Consider how small island nations such as the Maldives already plan for the loss of habitable land. Related to this, more frequent heatwaves put heavy pressure on hospitals and power grids. The case is illustrated when record summer temperatures in Europe have been linked to thousands of heat-related deaths. The data also suggest that deforestation removes natural carbon storage and wildlife habitat. Practical evidence includes the fact that large areas of the Amazon have been cleared for cattle and soybeans. A further point is that melting glaciers reduce the freshwater that millions of people rely on. Consider how rivers fed by Himalayan ice support farming across South Asia. Studies in this field often disagree on the exact size of each effect, which complicates comparison. Measurement challenges mean that some trends are easier to document than others. Differences between regions suggest that local conditions strongly influence outcomes. Long-term monitoring is required to confirm whether current trends will continue. Comparisons across countries reveal that similar problems can produce very different results. Based on this evidence, the most promising responses are international agreements on emission targets, climate-resilient infrastructure and investment in clean energy. Each option carries costs, yet the expected benefits appear to outweigh them over time. Ultimately, the evidence indicates that climate change cannot be understood or managed through isolated actions.","Research on climate change usually highlights a number of linked causes and consequences. The discussion below outlines the strongest of these and evaluates possible responses. One finding that stands out is that rising sea levels threaten coastal cities and low-lying farmland. Consider how minor island nations such as the Maldives already plan for the loss of habitable land. Related to this, more frequent heatwaves put heavy pressure on hospitals and power grids. The case is illustrated when record summer temperatures in Europe have been linked to thousands of heat-related deaths. The data also suggest that deforestation removes natural carbon storage and wildlife habitat. Realistic evidence includes the fact that substantial areas of the Amazon have been cleared for cattle and soybeans. A further point is that melting glaciers lower the freshwater that millions of people rely on. Consider how rivers fed by Himalayan ice support farming across South Asia. Studies in this field often disagree on the exact size of each effect, which complicates comparison. Measurement challenges mean that some trends are easier to document than others. Differences between regions suggest that local conditions strongly influence outcomes. Long-term monitoring is required to confirm whether current trends will continue. Comparisons across countries reveal that similar problems can produce very different results. Based on this evidence, the most promising responses are international agreements on emission targets, climate-resilient infrastructure and investment in clean energy. Each option carries costs, yet the expected benefits appear to outweigh them over time. Ultimately, the evidence indicates that climate change cannot be understood or managed through isolated actions.","1","near_duplicate_copy"
"PAIR_016","Space Exploration","We can no longer treat space exploration as a distant problem that someone else will solve. The following pages argue that practical action is both possible and urgent. Consider first that international cooperation allows countries to share costs and expertise. Look at what happens when the International Space Station is run by several partner nations. Just as troubling, technology spin-offs bring benefits to daily life. Real life confirms this, since medical imaging and water filters grew from space research. We should also remember that private companies have lowered launch costs through reusable rockets. The proof is clear when recovered boosters now fly several missions. Even more striking, space debris threatens working satellites and future missions. Look at what happens when thousands of fragments circle the Earth at high speed. Some people argue that change is too expensive, but doing nothing carries a much higher price. Every community has a role to play, from local groups to national leaders. Small decisions made by ordinary people add up to real change when they are shared widely. Excuses and delays have already cost us valuable time that we cannot recover. It is easy to feel powerless, but history shows that determined communities can shift public opinion. The way forward lies in public funding for basic research, reusable launch systems and science education programmes. If we commit to these steps now, the next generation will inherit a far better situation. The choice is ours, and space exploration will only improve if we act with determination.","When I began researching space exploration, I was surprised by how many different angles there are. In this assignment I describe the main problems I found and some realistic ways forward. First of all, inspiration encourages young people to study science. A good illustration is that major launches attract huge audiences of students. Another thing I noticed is that satellite technology supports navigation, weather forecasting and communication. To give one example, GPS and mobile networks depend on orbiting spacecraft. It is also worth mentioning that scientific discovery expands knowledge of planets and the universe. You can see this when rovers on Mars have studied rocks for signs of ancient water. Then there is the fact that high mission costs raise questions about public spending priorities. A good illustration is that a single launch can cost many millions of dollars. Before this project I had not really thought about how closely these things are connected. Talking to friends and family about it also showed me that people hold very different opinions. I think it is easy to ignore the topic because the effects often appear slowly. Looking at several sources made me realise that the picture is more complicated than headlines suggest. From what I read, the most practical steps would be shared international missions, clear rules on debris removal and public funding for basic research. I believe these ideas are achievable if people are willing to cooperate and think about the long term. Overall, my research shows that space exploration affects everyday life more than most people realise.","0","independent_disjoint_points_distinct_solutions"
"PAIR_017","Space Exploration","Space exploration has become one of the most widely debated issues of the modern era. This assignment examines several dimensions of space exploration and considers how each might be addressed. A central concern is that inspiration encourages young people to study science. For example, major launches attract huge audiences of students. It is also clear that high mission costs raise questions about public spending priorities. This can be seen in the fact that a single launch can cost many millions of dollars. Another significant factor is that scientific discovery expands knowledge of planets and the universe. Evidence of this appears where rovers on Mars have studied rocks for signs of ancient water. Furthermore, private companies have lowered launch costs through reusable rockets. For example, recovered boosters now fly several missions. A balanced analysis must recognise that social, economic and personal factors interact over time. No single policy or action can resolve every challenge in this area, so coordination is essential. Careful research and open public discussion remain necessary to guide sensible decisions. The scale of the issue means that delays in action are likely to increase the eventual costs. Public understanding of these questions is still uneven, which makes informed debate harder. To respond effectively, policymakers and individuals should consider clear rules on debris removal, public funding for basic research and science education programmes. Taken together, these measures would lower the long-term risks and spread the benefits more fairly. In conclusion, space exploration demands sustained attention from institutions, communities and individuals alike.","Research on space exploration usually highlights a number of linked causes and consequences. The discussion below outlines the strongest of these and evaluates possible responses. One finding that stands out is that inspiration encourages young people to study science. The case is illustrated when major launches attract huge audiences of students. Related to this, high mission costs raise questions about public spending priorities. Practical evidence includes the fact that a single launch can cost numerous millions of dollars. The data also suggest that scientific discovery expands knowledge of planets and the universe. Consider how rovers on Mars have studied rocks for signs of ancient water. A further point is that private companies have lowered launch costs through reusable rockets. The case is illustrated when recovered boosters now fly several missions. Studies in this field frequently disagree on the exact size of each effect, which complicates comparison. Measurement challenges mean that some trends are easier to document than others. Differences between regions suggest that local conditions strongly influence outcomes. Long-term monitoring is required to confirm whether current trends will continue. Comparisons across countries reveal that similar problems can produce very different results. Economic factors appear to interact with cultural attitudes in ways that are not yet fully understood. Based on this evidence, the most promising responses are clear rules on debris removal, public funding for basic research and science education programmes. Each option carries costs, yet the expected benefits appear to outweigh them over time. Ultimately, the evidence indicates that space exploration cannot be understood or managed through isolated actions.","1","paraphrased_same_outline"
"PAIR_018","Plastic Pollution","Research on plastic pollution usually highlights a number of linked causes and consequences. The discussion below outlines the strongest of these and evaluates possible responses. One finding that stands out is that cheap production makes plastic more attractive than alternatives. Consider how new bottles are often cheaper than recycled material. Related to this, microplastics enter food chains and drinking water. The case is illustrated when tiny fragments have been found in fish, salt and bottled water. The data also suggest that consumer habits decide how much plastic reaches the market. Practical evidence includes the fact that supermarkets report strong demand for pre-packed fruit. A further point is that fishing gear left at sea continues to trap wildlife for years. Consider how abandoned nets make up a large share of ocean plastic. Studies in this field often disagree on the exact size of each effect, which complicates comparison. Measurement challenges mean that some trends are easier to document than others. Differences between regions suggest that local conditions strongly influence outcomes. Long-term monitoring is required to confirm whether current trends will continue. Comparisons across countries reveal that similar problems can produce very different results. Economic factors appear to interact with cultural attitudes in ways that are not yet fully understood. Based on this evidence, the most promising responses are better collection infrastructure, refill and reuse systems and bans on avoidable single-use items. Each option carries costs, yet the expected benefits appear to outweigh them over time. Ultimately, the evidence indicates that plastic pollution cannot be understood or managed through isolated actions.","Research on plastic pollution usually highlights a number of linked causes and consequences. The discussion below outlines the strongest of these and evaluates possible responses. One finding that stands out is that consumer habits decide how much plastic reaches the market. Consider how supermarkets report strong demand for pre-packed fruit. Related to this, fishing gear left at sea continues to trap wildlife for years. The case is illustrated when abandoned nets make up a large share of ocean plastic. The data also suggest that microplastics enter food chains and drinking water. Practical evidence includes the fact that tiny fragments have been found in fish, salt and bottled water. A further point is that cheap production makes plastic more attractive than alternatives. Consider how new bottles are often cheaper than recycled material. Studies in this field often disagree on the exact size of each effect, which complicates comparison. Measurement challenges mean that some trends are easier to document than others. Differences between regions suggest that local conditions strongly influence outcomes. Long-term monitoring is required to confirm whether current trends will continue. Comparisons across countries reveal that similar problems can produce very different results. Economic factors appear to interact with cultural attitudes in ways that are not yet fully understood. Based on this evidence, the most promising responses are better collection infrastructure, refill and reuse systems and bans on avoidable single-use items. Each option carries costs, yet the expected benefits appear to outweigh them over time. Ultimately, the evidence indicates that plastic pollution cannot be understood or managed through isolated actions.","1","reordered_copy"
"PAIR_019","Globalization","Globalization has become one of the most commonly debated issues of the modern era. This assignment examines multiple dimensions of globalization and considers how each might be addressed. A central concern is that supply chain dependence makes economies vulnerable to disruption. For example, shortages in one country can halt production elsewhere. It is also evident that income inequality can widen when advantages are unevenly shared. This can be seen in the fact that gains from trade often favour skilled workers. Another significant factor is that multinational companies hold great influence over minor economies. Evidence of this appears where a few firms control large parts of global markets. Furthermore, cultural exchange spreads food, music and ideas across borders. For example, streaming services reach audiences in dozens of countries. A balanced analysis must recognise that social, economic and personal factors interact over time. No single policy or action can resolve every challenge in this area, so coordination is essential. Careful research and open public discussion remain required to guide sensible decisions. The scale of the issue means that delays in action are expected to increase the eventual costs. Public understanding of these questions is still uneven, which makes informed debate harder. Responsibility is shared between governments, businesses and ordinary citizens in different ways. To respond effectively, policymakers and individuals should consider more resilient supply chains, fair trade agreements and stronger labour standards. Taken together, these steps would reduce the long-term risks and spread the benefits more fairly. In conclusion, globalization demands sustained attention from institutions, communities and individuals alike.","Globalization has become one of the most widely debated issues of the modern era. This assignment examines several dimensions of globalization and considers how each might be addressed. A central concern is that cultural exchange spreads food, music and ideas across borders. For example, streaming services reach audiences in dozens of countries. It is also clear that income inequality can widen when benefits are unevenly shared. This can be seen in the fact that gains from trade often favour skilled workers. Another significant factor is that supply chain dependence makes economies vulnerable to disruption. Evidence of this appears where shortages in one country can halt production elsewhere. Furthermore, multinational companies hold great influence over small economies. For example, a few firms control large parts of global markets. A balanced analysis must recognise that social, economic and personal factors interact over time. No single policy or action can resolve every challenge in this area, so coordination is essential. Careful research and open public discussion remain necessary to guide sensible decisions. The scale of the issue means that delays in action are likely to increase the eventual costs. Public understanding of these questions is still uneven, which makes informed debate harder. Responsibility is shared between governments, businesses and ordinary citizens in different ways. To respond effectively, policymakers and individuals should consider more resilient supply chains, fair trade agreements and stronger labour standards. Taken together, these measures would lower the long-term risks and spread the benefits more fairly. In conclusion, globalization demands sustained attention from institutions, communities and individuals alike.","1","reordered_copy"
"PAIR_020","Climate Change","Research on climate change usually highlights a number of linked causes and consequences. The discussion below outlines the strongest of these and evaluates possible responses. One finding that stands out is that extreme storms destroy homes and interrupt supply chains. Consider how powerful hurricanes have caused billions of dollars in damage along coastlines. Related to this, deforestation removes natural carbon storage and wildlife habitat. The case is illustrated when large areas of the Amazon have been cleared for cattle and soybeans. The data also suggest that shifting rainfall patterns disrupt planting seasons and crop yields. Practical evidence includes the fact that farmers in many regions report that monsoon timing has become unpredictable. A further point is that rising sea levels threaten coastal cities and low-lying farmland. Consider how small island nations such as the Maldives already plan for the loss of habitable land. Studies in this field often disagree on the exact size of each effect, which complicates comparison. Measurement challenges mean that some trends are easier to document than others. Differences between regions suggest that local conditions strongly influence outcomes. Long-term monitoring is required to confirm whether current trends will continue. Comparisons across countries reveal that similar problems can produce very different results. Based on this evidence, the most promising responses are investment in clean energy, international agreements on emission targets and climate-resilient infrastructure. Each option carries costs, yet the expected benefits appear to outweigh them over time. Ultimately, the evidence indicates that climate change cannot be understood or managed through isolated actions.","We can no longer treat climate change as a distant problem that someone else will solve. The following pages argue that practical action is both possible and urgent. Consider first that the burning of fossil fuels releases most of the carbon dioxide that traps heat. The proof is clear when coal and oil remain major sources of electricity and transport energy worldwide. Just as troubling, melting glaciers reduce the freshwater that millions of people rely on. Look at what happens when rivers fed by Himalayan ice support farming across South Asia. We should also remember that more frequent heatwaves put heavy pressure on hospitals and power grids. Real life confirms this, since record summer temperatures in Europe have been linked to thousands of heat-related deaths. Even more striking, ocean warming damages coral reefs and local fishing industries. The proof is clear when large coral bleaching events have affected reefs along the Australian coast. Some people argue that change is too expensive, but doing nothing carries a much higher price. Every community has a role to play, from local groups to national leaders. Small decisions made by ordinary people add up to real change when they are shared widely. Excuses and delays have already cost us valuable time that we cannot recover. The way forward lies in stronger carbon pricing, investment in clean energy and protection of existing forests. If we commit to these steps now, the next generation will inherit a far better situation. The choice is ours, and climate change will only improve if we act with determination.","0","independent_disjoint_points_distinct_solutions"
"PAIR_021","Electric Vehicles","Research on electric vehicles usually highlights a number of linked causes and consequences. The discussion below outlines the strongest of these and evaluates possible responses. One finding that stands out is that lower running costs reduce fuel and maintenance spending. Practical evidence includes the fact that electric motors have far fewer moving parts than engines. Related to this, zero tailpipe emissions improve air quality in busy cities. Consider how electric buses make streets noticeably quieter and cleaner. The data also suggest that high purchase prices put new models out of reach for many buyers. The case is illustrated when batteries remain the most expensive part of the car. A further point is that government incentives speed up adoption. Practical evidence includes the fact that Norway offers tax benefits that helped electric cars dominate sales. Studies in this field often disagree on the exact size of each effect, which complicates comparison. Measurement challenges mean that some trends are easier to document than others. Differences between regions suggest that local conditions strongly influence outcomes. Long-term monitoring is required to confirm whether current trends will continue. Comparisons across countries reveal that similar problems can produce very different results. Economic factors appear to interact with cultural attitudes in ways that are not yet fully understood. Based on this evidence, the most promising responses are recycling of used batteries, cheaper batteries and purchase incentives for lower-income buyers. Each option carries costs, yet the expected benefits appear to outweigh them over time. Ultimately, the evidence indicates that electric vehicles cannot be understood or managed through isolated actions.","Research on electric vehicles usually highlights a number of linked causes and consequences. The discussion below outlines the strongest of these and evaluates possible responses. One finding that stands out is that lower running costs reduce fuel and maintenance spending. Consider how electric motors have far fewer moving parts than engines. Related to this, zero tailpipe emissions improve air quality in busy cities. The case is illustrated when electric buses make streets noticeably quieter and cleaner. The data also suggest that high purchase prices put new models out of reach for many buyers. Practical evidence includes the fact that batteries remain the most expensive part of the car. A further point is that government incentives speed up adoption. Consider how Norway offers tax benefits that helped electric cars dominate sales. Studies in this field often disagree on the exact size of each effect, which complicates comparison. Measurement challenges mean that some trends are easier to document than others. Differences between regions suggest that local conditions strongly influence outcomes. Long-term monitoring is required to confirm whether current trends will continue. Comparisons across countries reveal that similar problems can produce very different results. Economic factors appear to interact with cultural attitudes in ways that are not yet fully understood. Based on this evidence, the most promising responses are recycling of used batteries, cheaper batteries and purchase incentives for lower-income buyers. Each option carries costs, yet the expected benefits appear to outweigh them over time. Ultimately, the evidence indicates that electric vehicles cannot be understood or managed through isolated actions.","1","shared_content_light_rewrite"
"PAIR_022","Cryptocurrency","Research on cryptocurrency usually highlights a number of linked causes and consequences. The discussion below outlines the strongest of these and evaluates possible responses. One finding that stands out is that blockchain technology offers secure and transparent record keeping. Consider how some companies use it to track goods through supply chains. Related to this, price volatility makes digital coins a risky store of value. The case is illustrated when values have fallen by half within a few weeks. The data also suggest that decentralisation removes the need for banks in some transactions. Practical evidence includes the fact that users can send funds directly to each other. A further point is that cross-border payments can be cheaper and faster than banks. Consider how migrant workers sometimes send money home using digital tokens. Studies in this field often disagree on the exact size of each effect, which complicates comparison. Measurement challenges mean that some trends are easier to document than others. Differences between regions suggest that local conditions strongly influence outcomes. Long-term monitoring is required to confirm whether current trends will continue. Comparisons across countries reveal that similar problems can produce very different results. Economic factors appear to interact with cultural attitudes in ways that are not yet fully understood. Based on this evidence, the most promising responses are clear regulation of exchanges, cooperation between national regulators and consumer protection rules. Each option carries costs, yet the expected benefits appear to outweigh them over time. Ultimately, the evidence indicates that cryptocurrency cannot be understood or managed through isolated actions.","Research on cryptocurrency usually highlights a number of linked causes and consequences. The discussion below outlines the strongest of these and evaluates possible responses. One finding that stands out is that cross-border payments can be cheaper and faster than banks. Consider how migrant workers sometimes send money home using digital tokens. Related to this, decentralisation removes the need for banks in some transactions. The case is illustrated when users can send funds directly to each other. The data also suggest that blockchain technology offers secure and transparent record keeping. Realistic evidence includes the fact that some companies use it to track goods through supply chains. A further point is that price volatility makes digital coins a risky store of value. Consider how values have fallen by half within a few weeks. Studies in this field frequently disagree on the exact size of each effect, which complicates comparison. Measurement challenges mean that some trends are easier to document than others. Differences between regions suggest that local conditions strongly influence outcomes. Long-term monitoring is required to confirm whether current trends will continue. Comparisons across countries reveal that similar problems can produce very different results. Economic factors appear to interact with cultural attitudes in ways that are not yet fully understood. Based on this evidence, the most promising responses are evident regulation of exchanges, cooperation between national regulators and consumer protection rules. Each option carries costs, yet the expected advantages appear to outweigh them over time. Ultimately, the evidence indicates that cryptocurrency cannot be understood or managed through isolated actions.","1","reordered_copy"
"PAIR_023","Gender Equality at Work","Research on gender equality at work usually highlights a number of linked causes and consequences. The discussion below outlines the strongest of these and evaluates possible responses. One finding that stands out is that workplace harassment drives talented people out of their jobs. Consider how many employees do not report incidents for fear of retaliation. Related to this, career breaks slow progress for parents who care for children. The case is illustrated when mothers are more likely to reduce their working hours. The data also suggest that mentoring schemes open doors for younger women. Practical evidence includes the fact that senior managers who sponsor junior staff help them progress. A further point is that the pay gap means women often earn less for similar roles. Consider how reports across many countries show persistent differences in average pay. Studies in this field often disagree on the exact size of each effect, which complicates comparison. Measurement challenges mean that some trends are easier to document than others. Differences between regions suggest that local conditions strongly influence outcomes. Long-term monitoring is required to confirm whether current trends will continue. Comparisons across countries reveal that similar problems can produce very different results. Economic factors appear to interact with cultural attitudes in ways that are not yet fully understood. Based on this evidence, the most promising responses are strong anti-harassment policies, bias training for managers and equal parental leave. Each option carries costs, yet the expected benefits appear to outweigh them over time. Ultimately, the evidence indicates that gender equality at work cannot be understood or managed through isolated actions.","We can no longer treat gender equality at work as a distant problem that someone else will solve. The following pages argue that practical action is both possible and urgent. Consider first that flexible working helps both men and women combine careers and family life. Look at what happens when firms offering flexible hours report better retention. Just as troubling, unconscious bias affects hiring and promotion decisions. Real life confirms this, since identical applications can be judged differently depending on the name. We should also remember that parental leave encourages fathers to share care responsibilities. The proof is clear when countries with paid paternity leave see more involvement from fathers. Even more striking, leadership representation remains low in many industries. Look at what happens when only a small share of large companies are led by women. Some people argue that change is too expensive, but doing nothing carries a much higher price. Every community has a role to play, from local groups to national leaders. Small decisions made by ordinary people add up to real change when they are shared widely. Excuses and delays have already cost us valuable time that we cannot recover. It is easy to feel powerless, but history shows that determined communities can shift public opinion. The way forward lies in bias training for managers, strong anti-harassment policies and transparent pay reporting. If we commit to these steps now, the next generation will inherit a far better situation. The choice is ours, and gender equality at work will only improve if we act with determination.","0","independent_disjoint_points"
"PAIR_024","Space Exploration","Research on space exploration usually highlights a number of linked causes and consequences. The discussion below outlines the strongest of these and evaluates possible responses. One finding that stands out is that international cooperation allows countries to share costs and expertise. Consider how the International Space Station is run by several partner nations. Related to this, space debris threatens working satellites and future missions. The case is illustrated when thousands of fragments circle the Earth at high speed. The data also suggest that scientific discovery expands knowledge of planets and the universe. Practical evidence includes the fact that rovers on Mars have studied rocks for signs of ancient water. A further point is that inspiration encourages young people to study science. Consider how major launches attract huge audiences of students. Studies in this field often disagree on the exact size of each effect, which complicates comparison. Measurement challenges mean that some trends are easier to document than others. Differences between regions suggest that local conditions strongly influence outcomes. Long-term monitoring is required to confirm whether current trends will continue. Comparisons across countries reveal that similar problems can produce very different results. Economic factors appear to interact with cultural attitudes in ways that are not yet fully understood. Based on this evidence, the most promising responses are shared international missions, clear rules on debris removal and public funding for basic research. Each option carries costs, yet the expected benefits appear to outweigh them over time. Ultimately, the evidence indicates that space exploration cannot be understood or managed through isolated actions.","Research on space exploration usually highlights a number of linked causes and consequences. The discussion below outlines the strongest of these and evaluates possible responses. One finding that stands out is that international cooperation allows countries to share costs and expertise. Consider how the International Space Station is run by multiple partner nations. Related to this, space debris threatens working satellites and future missions. The case is illustrated when thousands of fragments circle the Earth at high speed. The data also suggest that scientific discovery expands knowledge of planets and the universe. Realistic evidence includes the fact that rovers on Mars have studied rocks for signs of ancient water. A further point is that inspiration encourages young people to study science. Consider how serious launches attract huge audiences of students. Studies in this field often disagree on the exact size of each effect, which complicates comparison. Measurement challenges mean that some trends are easier to document than others. Differences between regions suggest that local conditions strongly influence outcomes. Long-term monitoring is required to confirm whether current trends will continue. Comparisons across countries reveal that similar problems can produce very different results. Economic factors appear to interact with cultural attitudes in ways that are not yet fully understood. Based on this evidence, the most promising responses are shared international missions, evident rules on debris removal and public funding for basic research. Each option carries costs, yet the expected benefits appear to outweigh them over time. Ultimately, the evidence indicates that space exploration cannot be understood or managed through isolated actions.","1","near_duplicate_copy"
"PAIR_025","E-commerce","When I began researching e-commerce, I was surprised by how many different angles there are. In this assignment I describe the main problems I found and some realistic ways forward. First of all, warehouse work can involve demanding targets and low pay. A good illustration is that workers report strict timing of every task. Another thing I noticed is that high return rates create waste and extra costs. To give one example, clothing bought online is frequently sent back. It is also worth mentioning that fast delivery raises expectations and increases traffic. You can see this when vans delivering parcels now fill many residential streets. Then there is the fact that digital payments make buying quick and convenient. A good illustration is that one-click checkout reduces the effort of purchasing. Before this project I had not really thought about how closely these things are connected. Talking to friends and family about it also showed me that people hold very different opinions. I think it is easy to ignore the topic because the effects often appear slowly. Looking at several sources made me realise that the picture is more complicated than headlines suggest. I also noticed that most articles describe only one side, so I tried to compare different viewpoints. From what I read, the most practical steps would be secure payment standards, support for local shops and tougher rules on fake reviews. I believe these ideas are achievable if people are willing to cooperate and think about the long term. Overall, my research shows that e-commerce affects everyday life more than most people realise.","We can no longer treat e-commerce as a distant problem that someone else will solve. The following pages argue that realistic action is both possible and urgent. Consider first that warehouse work can involve demanding targets and low pay. Look at what happens when workers report strict timing of every task. Just as troubling, high return rates create waste and extra costs. Real life confirms this, since clothing bought online is frequently sent back. We should also remember that fast delivery raises expectations and increases traffic. The proof is evident when vans delivering parcels now fill many residential streets. Even more striking, digital payments make buying quick and convenient. Look at what happens when one-click checkout reduces the effort of purchasing. Some people argue that change is too expensive, but doing nothing carries a much higher price. Every community has a role to play, from local groups to national leaders. Small decisions made by ordinary people add up to real change when they are shared widely. Excuses and delays have already cost us valuable time that we cannot recover. It is easy to feel powerless, but history demonstrates that determined communities can shift public opinion. Leaders who ignore this reality will eventually be forced to respond to growing public pressure. The way forward lies in secure payment standards, support for local shops and tougher rules on fake reviews. If we commit to these steps now, the next generation will inherit a far better situation. The choice is ours, and e-commerce will only improve if we act with determination.","1","paraphrased_same_outline"
"PAIR_026","Water Scarcity","Research on water scarcity usually highlights a number of linked causes and consequences. The discussion below outlines the strongest of these and evaluates possible responses. One finding that stands out is that drought reduces harvests and raises food prices. Consider how repeated dry seasons have devastated crops in East Africa. Related to this, leaking pipes waste treated water before it reaches homes. The case is illustrated when some cities lose a third of their supply to leaks. The data also suggest that growing populations increase demand for drinking water. Practical evidence includes the fact that cities in dry regions struggle to supply every household. A further point is that falling groundwater levels force farmers to dig deeper wells. Consider how parts of northern India have seen steady drops in the water table. Studies in this field often disagree on the exact size of each effect, which complicates comparison. Measurement challenges mean that some trends are easier to document than others. Differences between regions suggest that local conditions strongly influence outcomes. Long-term monitoring is required to confirm whether current trends will continue. Comparisons across countries reveal that similar problems can produce very different results. Economic factors appear to interact with cultural attitudes in ways that are not yet fully understood. Based on this evidence, the most promising responses are repair of ageing pipes, drip irrigation and rainwater harvesting. Each option carries costs, yet the expected benefits appear to outweigh them over time. Ultimately, the evidence indicates that water scarcity cannot be understood or managed through isolated actions.","Water scarcity has become one of the most widely debated issues of the modern era. This assignment examines several dimensions of water scarcity and considers how each might be addressed. A central concern is that pollution makes available water unsafe to use. For example, industrial waste has contaminated several rivers. It is also clear that shared rivers create tension between neighbouring countries. This can be seen in the fact that disputes over dams have strained regional relations. Another significant factor is that irrigation uses the largest share of fresh water worldwide. Evidence of this appears where rice and cotton farming require huge volumes of water. Furthermore, unequal access means poorer households pay more for water. For example, families in informal areas often buy from private tankers. A balanced analysis must recognise that social, economic and personal factors interact over time. No single policy or action can resolve every challenge in this area, so coordination is essential. Careful research and open public discussion remain necessary to guide sensible decisions. The scale of the issue means that delays in action are likely to increase the eventual costs. Public understanding of these questions is still uneven, which makes informed debate harder. Responsibility is shared between governments, businesses and ordinary citizens in different ways. To respond effectively, policymakers and individuals should consider wastewater recycling, repair of ageing pipes and fair pricing and shared river agreements. Taken together, these measures would lower the long-term risks and spread the benefits more fairly. In conclusion, water scarcity demands sustained attention from institutions, communities and individuals alike.","0","independent_disjoint_points_distinct_solutions"
"PAIR_027","Globalization","We can no longer treat globalization as a distant problem that someone else will solve. The following pages argue that practical action is both possible and urgent. Consider first that income inequality can widen when benefits are unevenly shared. The proof is clear when gains from trade often favour skilled workers. Just as troubling, supply chain dependence makes economies vulnerable to disruption. Look at what happens when shortages in one country can halt production elsewhere. We should also remember that migration fills labour gaps but raises debates about integration. Real life confirms this, since many hospitals rely on staff trained abroad. Even more striking, multinational companies hold great influence over small economies. The proof is clear when a few firms control large parts of global markets. Some people argue that change is too expensive, but doing nothing carries a much higher price. Every community has a role to play, from local groups to national leaders. Small decisions made by ordinary people add up to real change when they are shared widely. Excuses and delays have already cost us valuable time that we cannot recover. It is easy to feel powerless, but history shows that determined communities can shift public opinion. Leaders who ignore this reality will eventually be forced to respond to growing public pressure. The way forward lies in support for displaced workers, global environmental rules and more resilient supply chains. If we commit to these steps now, the next generation will inherit a far better situation. The choice is ours, and globalization will only improve if we act with determination.","Globalization has become one of the most widely debated issues of the modern era. This assignment examines several dimensions of globalization and considers how each might be addressed. A central concern is that international trade lowers prices and widens consumer choice. For example, shoppers can buy fruit and electronics from almost anywhere. It is also clear that cultural exchange spreads food, music and ideas across borders. This can be seen in the fact that streaming services reach audiences in dozens of countries. Another significant factor is that environmental costs come from shipping goods over long distances. Evidence of this appears where container ships burn large amounts of heavy fuel. Furthermore, outsourcing moves factory jobs to countries with lower wages. For example, many clothing brands manufacture in Bangladesh and Vietnam. A balanced analysis must recognise that social, economic and personal factors interact over time. No single policy or action can resolve every challenge in this area, so coordination is essential. Careful research and open public discussion remain necessary to guide sensible decisions. The scale of the issue means that delays in action are likely to increase the eventual costs. Public understanding of these questions is still uneven, which makes informed debate harder. Responsibility is shared between governments, businesses and ordinary citizens in different ways. To respond effectively, policymakers and individuals should consider fair trade agreements, support for displaced workers and stronger labour standards. Taken together, these measures would lower the long-term risks and spread the benefits more fairly. In conclusion, globalization demands sustained attention from institutions, communities and individuals alike.","0","independent_disjoint_points_distinct_solutions"
"PAIR_028","Renewable Energy","We can no longer treat renewable energy as a distant problem that someone else will solve. The following pages argue that practical action is both possible and urgent. Consider first that government subsidies encourage households and companies to switch. Look at what happens when feed-in tariffs helped Germany expand its solar capacity quickly. Just as troubling, outdated electricity grids struggle to carry power from remote generation sites. Real life confirms this, since projects in rural areas sometimes wait years for a grid connection. We should also remember that hydropower provides steady electricity but alters river ecosystems. The proof is evident when big dams have displaced communities in multiple countries. Even more striking, solar power has become cheaper than many fossil fuel sources. Look at what happens when rooftop panels now supply a growing share of household electricity in India. Some people argue that change is too expensive, but doing nothing carries a much higher price. Every community has a role to play, from local groups to national leaders. Small decisions made by ordinary people add up to real change when they are shared widely. Excuses and delays have already cost us valuable time that we cannot recover. It is easy to feel powerless, but history demonstrates that determined communities can shift public opinion. The way forward lies in upgraded transmission networks, community-owned solar projects and retraining for energy workers. If we commit to these steps now, the next generation will inherit a far better situation. The choice is ours, and renewable energy will only improve if we act with determination.","When I began researching renewable energy, I was surprised by how many different angles there are. In this assignment I describe the main problems I found and some realistic ways forward. First of all, government subsidies encourage households and companies to switch. A good illustration is that feed-in tariffs helped Germany expand its solar capacity quickly. Another thing I noticed is that outdated electricity grids struggle to carry power from remote generation sites. To give one example, projects in rural areas sometimes wait years for a grid connection. It is also worth mentioning that hydropower provides steady electricity but alters river ecosystems. You can see this when big dams have displaced communities in several countries. Then there is the fact that solar power has become cheaper than many fossil fuel sources. A good illustration is that rooftop panels now supply a growing share of household electricity in India. Before this project I had not really thought about how closely these things are connected. Talking to friends and family about it also showed me that people hold very different opinions. I think it is easy to ignore the topic because the effects often appear slowly. Looking at several sources made me realise that the picture is more complicated than headlines suggest. From what I read, the most practical steps would be upgraded transmission networks, community-owned solar projects and retraining for energy workers. I believe these ideas are achievable if people are willing to cooperate and think about the long term. Overall, my research shows that renewable energy affects everyday life more than most people realise.","1","paraphrased_same_outline"
"PAIR_029","Artificial Intelligence in Education","We can no longer treat artificial intelligence in education as a distant problem that someone else will solve. The following pages argue that practical action is both possible and urgent. Consider first that virtual tutors offer help outside school hours. Real life confirms this, since chat-based tutors answer homework questions late at night. Just as troubling, data collection raises serious questions about student privacy. The proof is clear when learning platforms record how long each pupil spends on every task. We should also remember that personalised learning tools adapt lessons to the pace of each student. Look at what happens when some maths apps adjust question difficulty after every answer. Even more striking, AI writing assistants raise concerns about plagiarism and weaker writing skills. Real life confirms this, since many universities have rewritten their academic integrity policies. Some people argue that change is too expensive, but doing nothing carries a much higher price. Every community has a role to play, from local groups to national leaders. Small decisions made by ordinary people add up to real change when they are shared widely. Excuses and delays have already cost us valuable time that we cannot recover. The way forward lies in funding for devices in poorer schools, strong data protection laws and clear rules on acceptable AI use. If we commit to these steps now, the next generation will inherit a far better situation. The choice is ours, and artificial intelligence in education will only improve if we act with determination.","Artificial intelligence in education has become one of the most widely debated issues of the modern era. This assignment examines several dimensions of artificial intelligence in education and considers how each might be addressed. A central concern is that teacher training determines whether new tools are used well or wasted. For example, schools that bought software without training often saw little benefit. It is also clear that automated marking saves teachers hours of repetitive work. This can be seen in the fact that multiple-choice quizzes can now be graded instantly. Another significant factor is that unequal access to technology may widen gaps between wealthy and poor students. Evidence of this appears where pupils without home internet cannot use many smart platforms. Furthermore, biased algorithms can treat some groups of students unfairly. For example, automated screening tools have sometimes favoured certain backgrounds. A balanced analysis must recognise that social, economic and personal factors interact over time. No single policy or action can resolve every challenge in this area, so coordination is essential. Careful research and open public discussion remain necessary to guide sensible decisions. The scale of the issue means that delays in action are likely to increase the eventual costs. To respond effectively, policymakers and individuals should consider clear rules on acceptable AI use, regular teacher training and funding for devices in poorer schools. Taken together, these measures would lower the long-term risks and spread the benefits more fairly. In conclusion, artificial intelligence in education demands sustained attention from institutions, communities and individuals alike.","0","independent_disjoint_points"
"PAIR_030","Cybersecurity","Cybersecurity has become one of the most widely debated issues of the modern era. This assignment examines several dimensions of cybersecurity and considers how each might be addressed. A central concern is that ransomware locks organisations out of their own data. Evidence of this appears where hospitals have been forced to cancel appointments after attacks. It is also clear that outdated software contains known flaws that criminals exploit. For example, large breaches have followed failures to install available updates. Another significant factor is that connected devices add new entry points to home and office networks. This can be seen in the fact that smart cameras are often sold with default passwords. Furthermore, skills shortages leave many companies poorly defended. Evidence of this appears where small businesses rarely employ a dedicated security expert. A balanced analysis must recognise that social, economic and personal factors interact over time. No single policy or action can resolve every challenge in this area, so coordination is essential. Careful research and open public discussion remain necessary to guide sensible decisions. The scale of the issue means that delays in action are likely to increase the eventual costs. Public understanding of these questions is still uneven, which makes informed debate harder. To respond effectively, policymakers and individuals should consider offline data backups, clear incident response plans and prompt software updates. Taken together, these measures would lower the long-term risks and spread the benefits more fairly. In conclusion, cybersecurity demands sustained attention from institutions, communities and individuals alike.","We can no longer treat cybersecurity as a distant problem that someone else will solve. The following pages argue that practical action is both possible and urgent. Consider first that data breaches damage customer trust and bring heavy fines. The proof is clear when retailers have lost millions after card details were stolen. Just as troubling, weak passwords leave personal accounts easy to break into. Look at what happens when many people still reuse one password across several websites. We should also remember that phishing emails trick employees into revealing passwords. Real life confirms this, since fake delivery notices remain one of the most common attack methods. Even more striking, insider mistakes cause a surprising share of security incidents. The proof is clear when a misdirected email can expose thousands of customer records. Some people argue that change is too expensive, but doing nothing carries a much higher price. Every community has a role to play, from local groups to national leaders. Small decisions made by ordinary people add up to real change when they are shared widely. Excuses and delays have already cost us valuable time that we cannot recover. It is easy to feel powerless, but history shows that determined communities can shift public opinion. The way forward lies in prompt software updates, regular staff awareness training and multi-factor authentication. If we commit to these steps now, the next generation will inherit a far better situation. The choice is ours, and cybersecurity will only improve if we act with determination.","0","independent_disjoint_points_distinct_solutions"
"PAIR_031","Artificial Intelligence in Education","Artificial intelligence in education has become one of the most widely debated issues of the modern era. This assignment examines several dimensions of artificial intelligence in education and considers how each might be addressed. A central concern is that virtual tutors offer help outside school hours. For example, chat-based tutors answer homework questions late at night. It is also clear that AI writing assistants raise concerns about plagiarism and weaker writing skills. This can be seen in the fact that many universities have rewritten their academic integrity policies. Another significant factor is that personalised learning tools adapt lessons to the pace of each student. Evidence of this appears where some maths apps adjust question difficulty after every answer. Furthermore, data collection raises serious questions about student privacy. For example, learning platforms record how long each pupil spends on every task. A balanced analysis must recognise that social, economic and personal factors interact over time. No single policy or action can resolve every challenge in this area, so coordination is essential. Careful research and open public discussion remain necessary to guide sensible decisions. The scale of the issue means that delays in action are likely to increase the eventual costs. To respond effectively, policymakers and individuals should consider clear rules on acceptable AI use, strong data protection laws and regular teacher training. Taken together, these measures would lower the long-term risks and spread the benefits more fairly. In conclusion, artificial intelligence in education demands sustained attention from institutions, communities and individuals alike.","We can no longer treat artificial intelligence in education as a distant problem that someone else will solve. The following pages argue that practical action is both possible and urgent. Consider first that biased algorithms can treat some groups of students unfairly. Real life confirms this, since automated screening tools have sometimes favoured certain backgrounds. Just as troubling, unequal access to technology may widen gaps between wealthy and poor students. The proof is clear when pupils without home internet cannot use many smart platforms. We should also remember that teacher training determines whether new tools are used well or wasted. Look at what happens when schools that bought software without training often saw little benefit. Even more striking, automated marking saves teachers hours of repetitive work. Real life confirms this, since multiple-choice quizzes can now be graded instantly. Some people argue that change is too expensive, but doing nothing carries a much higher price. Every community has a role to play, from local groups to national leaders. Small decisions made by ordinary people add up to real change when they are shared widely. Excuses and delays have already cost us valuable time that we cannot recover. It is easy to feel powerless, but history shows that determined communities can shift public opinion. The way forward lies in regular teacher training, funding for devices in poorer schools and assessments that value original thinking. If we commit to these steps now, the next generation will inherit a far better situation. The choice is ours, and artificial intelligence in education will only improve if we act with determination.","0","independent_disjoint_points_distinct_solutions"
"PAIR_032","Cryptocurrency","Research on cryptocurrency usually highlights a number of linked causes and consequences. The discussion below outlines the strongest of these and evaluates possible responses. One finding that stands out is that blockchain technology offers secure and transparent record keeping. Consider how some companies use it to track goods through supply chains. Related to this, illegal activity has used the relative anonymity of some coins. The case is illustrated when authorities have traced several ransom payments. The data also suggest that cross-border payments can be cheaper and faster than banks. Practical evidence includes the fact that migrant workers sometimes send money home using digital tokens. A further point is that limited regulation leaves buyers with little protection. Consider how exchanges have collapsed with customer funds. Studies in this field often disagree on the exact size of each effect, which complicates comparison. Measurement challenges mean that some trends are easier to document than others. Differences between regions suggest that local conditions strongly influence outcomes. Long-term monitoring is required to confirm whether current trends will continue. Comparisons across countries reveal that similar problems can produce very different results. Economic factors appear to interact with cultural attitudes in ways that are not yet fully understood. Reliable statistics are not available everywhere, so conclusions should be treated with some caution. Based on this evidence, the most promising responses are consumer protection rules, clear regulation of exchanges and investor education. Each option carries costs, yet the expected benefits appear to outweigh them over time. Ultimately, the evidence indicates that cryptocurrency cannot be understood or managed through isolated actions.","Research on cryptocurrency usually highlights a number of linked causes and consequences. The discussion below outlines the strongest of these and evaluates possible responses. One finding that stands out is that blockchain technology offers secure and transparent record keeping. Consider how some companies use it to track goods through supply chains. Related to this, illegal activity has used the relative anonymity of some coins. The case is illustrated when authorities have traced several ransom payments. The data also suggest that decentralisation removes the need for banks in some transactions. Practical evidence includes the fact that users can send funds directly to each other. A further point is that price volatility makes digital coins a risky store of value. Consider how values have fallen by half within a few weeks. Studies in this field often disagree on the exact size of each effect, which complicates comparison. Measurement challenges mean that some trends are easier to document than others. Differences between regions suggest that local conditions strongly influence outcomes. Long-term monitoring is required to confirm whether current trends will continue. Comparisons across countries reveal that similar problems can produce very different results. Economic factors appear to interact with cultural attitudes in ways that are not yet fully understood. Based on this evidence, the most promising responses are consumer protection rules, clear regulation of exchanges and investor education. Each option carries costs, yet the expected benefits appear to outweigh them over time. Ultimately, the evidence indicates that cryptocurrency cannot be understood or managed through isolated actions.","1","partial_overlap_copy"
"PAIR_033","Cryptocurrency","Research on cryptocurrency usually highlights a number of linked causes and consequences. The discussion below outlines the strongest of these and evaluates possible responses. One finding that stands out is that price volatility makes digital coins a risky store of value. Consider how values have fallen by half within a few weeks. Related to this, limited regulation leaves buyers with little protection. The case is illustrated when exchanges have collapsed with customer funds. The data also suggest that illegal activity has used the relative anonymity of some coins. Practical evidence includes the fact that authorities have traced several ransom payments. A further point is that energy consumption is high for coins that rely on mining. Consider how mining farms use as much electricity as small countries. Studies in this field often disagree on the exact size of each effect, which complicates comparison. Measurement challenges mean that some trends are easier to document than others. Differences between regions suggest that local conditions strongly influence outcomes. Long-term monitoring is required to confirm whether current trends will continue. Comparisons across countries reveal that similar problems can produce very different results. Economic factors appear to interact with cultural attitudes in ways that are not yet fully understood. Based on this evidence, the most promising responses are investor education, energy-efficient validation methods and clear regulation of exchanges. Each option carries costs, yet the expected benefits appear to outweigh them over time. Ultimately, the evidence indicates that cryptocurrency cannot be understood or managed through isolated actions.","Cryptocurrency has become one of the most widely debated issues of the modern era. This assignment examines several dimensions of cryptocurrency and considers how each might be addressed. A central concern is that cross-border payments can be cheaper and faster than banks. For example, migrant workers sometimes send money home using digital tokens. It is also clear that scams and fraud cost inexperienced investors large sums. This can be seen in the fact that fake investment schemes promise guaranteed returns. Another significant factor is that blockchain technology offers secure and transparent record keeping. Evidence of this appears where some companies use it to track goods through supply chains. Furthermore, decentralisation removes the need for banks in some transactions. For example, users can send funds directly to each other. A balanced analysis must recognise that social, economic and personal factors interact over time. No single policy or action can resolve every challenge in this area, so coordination is essential. Careful research and open public discussion remain necessary to guide sensible decisions. The scale of the issue means that delays in action are likely to increase the eventual costs. Public understanding of these questions is still uneven, which makes informed debate harder. Responsibility is shared between governments, businesses and ordinary citizens in different ways. To respond effectively, policymakers and individuals should consider investor education, cooperation between national regulators and consumer protection rules. Taken together, these measures would lower the long-term risks and spread the benefits more fairly. In conclusion, cryptocurrency demands sustained attention from institutions, communities and individuals alike.","0","independent_disjoint_points_distinct_solutions"
"PAIR_034","Cybersecurity","Research on cybersecurity usually highlights a number of linked causes and consequences. The discussion below outlines the strongest of these and evaluates possible responses. One finding that stands out is that outdated software contains known flaws that criminals exploit. Consider how large breaches have followed failures to install available updates. Related to this, ransomware locks organisations out of their own data. The case is illustrated when hospitals have been forced to cancel appointments after attacks. The data also suggest that weak passwords leave personal accounts easy to break into. Practical evidence includes the fact that many people still reuse one password across several websites. A further point is that phishing emails trick employees into revealing passwords. Consider how fake delivery notices remain one of the most common attack methods. Studies in this field often disagree on the exact size of each effect, which complicates comparison. Measurement challenges mean that some trends are easier to document than others. Differences between regions suggest that local conditions strongly influence outcomes. Long-term monitoring is required to confirm whether current trends will continue. Comparisons across countries reveal that similar problems can produce very different results. Economic factors appear to interact with cultural attitudes in ways that are not yet fully understood. Based on this evidence, the most promising responses are multi-factor authentication, offline data backups and regular staff awareness training. Each option carries costs, yet the expected benefits appear to outweigh them over time. Ultimately, the evidence indicates that cybersecurity cannot be understood or managed through isolated actions.","We can no longer treat cybersecurity as a distant problem that someone else will solve. The following pages argue that practical action is both possible and urgent. Consider first that outdated software contains known flaws that criminals exploit. Look at what happens when large breaches have followed failures to install available updates. Just as troubling, ransomware locks organisations out of their own data. Real life confirms this, since hospitals have been forced to cancel appointments after attacks. We should also remember that weak passwords leave personal accounts easy to break into. The proof is clear when many people still reuse one password across multiple websites. Even more striking, phishing emails trick employees into revealing passwords. Look at what happens when fake delivery notices remain one of the most common attack methods. Some people argue that change is too expensive, but doing nothing carries a much higher price. Every community has a role to play, from local groups to national leaders. Minor decisions made by ordinary people add up to real change when they are shared commonly. Excuses and delays have already cost us valuable time that we cannot recover. It is easy to feel powerless, but history shows that determined communities can shift public opinion. The way forward lies in multi-factor authentication, offline data backups and regular staff awareness training. If we commit to these steps now, the next generation will inherit a far better situation. The choice is ours, and cybersecurity will only improve if we act with determination.","1","paraphrased_same_outline"
"PAIR_035","Electric Vehicles","We can no longer treat electric vehicles as a distant problem that someone else will solve. The following pages argue that practical action is both possible and urgent. Consider first that lower running costs reduce fuel and maintenance spending. The proof is clear when electric motors have far fewer moving parts than engines. Just as troubling, government incentives speed up adoption. Look at what happens when Norway offers tax benefits that helped electric cars dominate sales. We should also remember that high purchase prices put new models out of reach for many buyers. Real life confirms this, since batteries remain the most expensive part of the car. Even more striking, battery recycling can recover valuable materials. The proof is clear when new plants reclaim metals from used packs. Some people argue that change is too expensive, but doing nothing carries a much higher price. Every community has a role to play, from local groups to national leaders. Small decisions made by ordinary people add up to real change when they are shared widely. Excuses and delays have already cost us valuable time that we cannot recover. It is easy to feel powerless, but history shows that determined communities can shift public opinion. Leaders who ignore this reality will eventually be forced to respond to growing public pressure. The way forward lies in recycling of used batteries, cleaner electricity grids and cheaper batteries. If we commit to these steps now, the next generation will inherit a far better situation. The choice is ours, and electric vehicles will only improve if we act with determination.","We can no longer treat electric vehicles as a distant problem that someone else will solve. The following pages argue that practical action is both possible and urgent. Consider first that government incentives speed up adoption. The proof is clear when Norway offers tax benefits that helped electric cars dominate sales. Just as troubling, battery recycling can recover valuable materials. Look at what happens when new plants reclaim metals from used packs. We should also remember that reduce running costs reduce fuel and maintenance spending. Real life confirms this, since electric motors have far fewer moving parts than engines. Even more striking, high purchase prices put new models out of reach for numerous buyers. The proof is evident when batteries remain the most expensive part of the car. Some people argue that change is too expensive, but doing nothing carries a much higher price. Every community has a role to play, from local groups to national leaders. Small decisions made by ordinary people add up to real change when they are shared commonly. Excuses and delays have already cost us valuable time that we cannot recover. It is easy to feel powerless, but history shows that determined communities can shift public opinion. Leaders who ignore this reality will eventually be forced to respond to growing public pressure. The way forward lies in recycling of used batteries, cleaner electricity grids and cheaper batteries. If we commit to these steps now, the next generation will inherit a far better situation. The choice is ours, and electric vehicles will only improve if we act with determination.","1","reordered_copy"
"PAIR_036","Digital Privacy","Research on digital privacy usually highlights a number of linked causes and consequences. The discussion below outlines the strongest of these and evaluates possible responses. One finding that stands out is that data leaks expose addresses, passwords and financial details. Consider how large breaches have affected millions of customers at once. Related to this, long privacy policies prevent users from making informed choices. The case is illustrated when few people read the terms before clicking accept. The data also suggest that children's data needs special protection from commercial use. Practical evidence includes the fact that games and apps often track young players. A further point is that smart speakers listen for commands and may record more than expected. Consider how household conversations can be stored on company servers. Studies in this field often disagree on the exact size of each effect, which complicates comparison. Measurement challenges mean that some trends are easier to document than others. Differences between regions suggest that local conditions strongly influence outcomes. Long-term monitoring is required to confirm whether current trends will continue. Comparisons across countries reveal that similar problems can produce very different results. Economic factors appear to interact with cultural attitudes in ways that are not yet fully understood. Based on this evidence, the most promising responses are stronger data protection laws, simple and honest consent forms and regular independent audits. Each option carries costs, yet the expected benefits appear to outweigh them over time. Ultimately, the evidence indicates that digital privacy cannot be understood or managed through isolated actions.","When I began researching digital privacy, I was surprised by how many different angles there are. In this assignment I describe the main problems I found and some realistic ways forward. First of all, facial recognition allows people to be tracked in public spaces. To give one example, cameras in some cities can identify individuals in crowds. Another thing I noticed is that data leaks expose addresses, passwords and financial details. You can see this when large breaches have affected millions of customers at once. It is also worth mentioning that government surveillance must be balanced against civil liberties. A good illustration is that debates continue over bulk collection of communications. Then there is the fact that targeted advertising relies on detailed profiles of online behaviour. To give one example, shoppers often see ads for products they only mentioned in conversation. Before this project I had not really thought about how closely these things are connected. Talking to friends and family about it also showed me that people hold very different opinions. I think it is easy to ignore the topic because the effects often appear slowly. Looking at several sources made me realise that the picture is more complicated than headlines suggest. From what I read, the most practical steps would be public education on safe online habits, privacy-friendly default settings and simple and honest consent forms. I believe these ideas are achievable if people are willing to cooperate and think about the long term. Overall, my research shows that digital privacy affects everyday life more than most people realise.","0","independent_one_common_point"
"PAIR_037","Water Scarcity","We can no longer treat water scarcity as a distant problem that someone else will solve. The following pages argue that practical action is both possible and urgent. Consider first that leaking pipes waste treated water before it reaches homes. Real life confirms this, since some cities lose a third of their supply to leaks. Just as troubling, drought lowers harvests and raises food prices. The proof is evident when repeated dry seasons have devastated crops in East Africa. We should also remember that falling groundwater levels force farmers to dig deeper wells. Look at what happens when parts of northern India have seen steady drops in the water table. Even more striking, pollution makes available water unsafe to use. Real life confirms this, since industrial waste has contaminated multiple rivers. Some people argue that change is too expensive, but doing nothing carries a much higher price. Every community has a role to play, from local groups to national leaders. Minor decisions made by ordinary people add up to real change when they are shared widely. Excuses and delays have already cost us valuable time that we cannot recover. It is easy to feel powerless, but history demonstrates that determined communities can shift public opinion. The way forward lies in wastewater recycling, fair pricing and shared river agreements and rainwater harvesting. If we commit to these steps now, the next generation will inherit a far better situation. The choice is ours, and water scarcity will only improve if we act with determination.","We can no longer treat water scarcity as a distant problem that someone else will solve. The following pages argue that practical action is both possible and urgent. Consider first that leaking pipes waste treated water before it reaches homes. The proof is clear when some cities lose a third of their supply to leaks. Just as troubling, drought reduces harvests and raises food prices. Look at what happens when repeated dry seasons have devastated crops in East Africa. We should also remember that falling groundwater levels force farmers to dig deeper wells. Real life confirms this, since parts of northern India have seen steady drops in the water table. Even more striking, pollution makes available water unsafe to use. The proof is clear when industrial waste has contaminated several rivers. Some people argue that change is too expensive, but doing nothing carries a much higher price. Every community has a role to play, from local groups to national leaders. Small decisions made by ordinary people add up to real change when they are shared widely. Excuses and delays have already cost us valuable time that we cannot recover. It is easy to feel powerless, but history shows that determined communities can shift public opinion. The way forward lies in wastewater recycling, fair pricing and shared river agreements and rainwater harvesting. If we commit to these steps now, the next generation will inherit a far better situation. The choice is ours, and water scarcity will only improve if we act with determination.","1","shared_content_light_rewrite"
"PAIR_038","Nutrition and Obesity","Nutrition and obesity has become one of the most commonly debated issues of the modern era. This assignment examines multiple dimensions of nutrition and obesity and considers how each might be addressed. A central concern is that sedentary lifestyles reduce the calories people burn each day. Evidence of this appears where office work and long hours of screen time limit movement. It is also evident that nutrition education helps people read labels and plan meals. For example, cooking lessons give young people realistic skills. Another significant factor is that school meals shape eating habits from an early age. This can be seen in the fact that programmes with fresh ingredients have improved pupils' diets. Furthermore, portion sizes have grown steadily over recent decades. Evidence of this appears where restaurant meals are frequently much larger than they once were. A balanced analysis must recognise that social, economic and personal factors interact over time. No single policy or action can resolve every challenge in this area, so coordination is essential. Careful research and open public discussion remain necessary to guide sensible decisions. The scale of the issue means that delays in action are expected to increase the eventual costs. Public understanding of these questions is still uneven, which makes informed debate harder. To respond effectively, policymakers and individuals should consider healthier school meals, clearer food labelling and safe spaces for exercise. Taken together, these measures would lower the long-term risks and spread the benefits more fairly. In conclusion, nutrition and obesity demands sustained attention from institutions, communities and individuals alike.","Nutrition and obesity has become one of the most widely debated issues of the modern era. This assignment examines several dimensions of nutrition and obesity and considers how each might be addressed. A central concern is that sedentary lifestyles reduce the calories people burn each day. For example, office work and long hours of screen time limit movement. It is also clear that nutrition education helps people read labels and plan meals. This can be seen in the fact that cooking lessons give young people practical skills. Another significant factor is that school meals shape eating habits from an early age. Evidence of this appears where programmes with fresh ingredients have improved pupils' diets. Furthermore, portion sizes have grown steadily over recent decades. For example, restaurant meals are often much larger than they once were. A balanced analysis must recognise that social, economic and personal factors interact over time. No single policy or action can resolve every challenge in this area, so coordination is essential. Careful research and open public discussion remain necessary to guide sensible decisions. The scale of the issue means that delays in action are likely to increase the eventual costs. Public understanding of these questions is still uneven, which makes informed debate harder. To respond effectively, policymakers and individuals should consider healthier school meals, clearer food labelling and safe spaces for exercise. Taken together, these measures would lower the long-term risks and spread the benefits more fairly. In conclusion, nutrition and obesity demands sustained attention from institutions, communities and individuals alike.","1","shared_content_light_rewrite"
"PAIR_039","Online Learning","Online learning has become one of the most widely debated issues of the modern era. This assignment examines several dimensions of online learning and considers how each might be addressed. A central concern is that self-discipline becomes essential without a fixed classroom routine. For example, many learners fall behind when deadlines feel distant. It is also clear that recorded lectures let students revise difficult topics. This can be seen in the fact that learners can pause and replay complex explanations. Another significant factor is that digital skills are improved through regular platform use. Evidence of this appears where students gradually learn to collaborate through shared documents. Furthermore, practical subjects are hard to teach through a screen. For example, science laboratories and workshops need physical equipment. A balanced analysis must recognise that social, economic and personal factors interact over time. No single policy or action can resolve every challenge in this area, so coordination is essential. Careful research and open public discussion remain necessary to guide sensible decisions. The scale of the issue means that delays in action are likely to increase the eventual costs. Public understanding of these questions is still uneven, which makes informed debate harder. Responsibility is shared between governments, businesses and ordinary citizens in different ways. To respond effectively, policymakers and individuals should consider clear feedback from tutors, blended courses with practical sessions and reliable internet access for all. Taken together, these measures would lower the long-term risks and spread the benefits more fairly. In conclusion, online learning demands sustained attention from institutions, communities and individuals alike.","When I began researching online learning, I was surprised by how many different angles there are. In this assignment I describe the main problems I found and some realistic ways forward. First of all, flexible timetables allow learners to study around work and family. You can see this when adults can complete courses in the evening. Another thing I noticed is that lower costs make education available to more people. A good illustration is that many universities offer free introductory modules. It is also worth mentioning that self-discipline becomes essential without a fixed classroom routine. To give one example, many learners fall behind when deadlines feel distant. Then there is the fact that unreliable internet prevents some learners from joining lessons. You can see this when students in rural areas often lose connection mid-class. Before this project I had not really thought about how closely these things are connected. Talking to friends and family about it also showed me that people hold very different opinions. I think it is easy to ignore the topic because the effects often appear slowly. Looking at several sources made me realise that the picture is more complicated than headlines suggest. From what I read, the most practical steps would be study skills support, blended courses with practical sessions and interactive live sessions. I believe these ideas are achievable if people are willing to cooperate and think about the long term. Overall, my research shows that online learning affects everyday life more than most people realise.","0","independent_one_common_point"
"PAIR_040","Remote Work","When I began researching remote work, I was surprised by how many different angles there are. In this assignment I describe the main problems I found and some realistic ways forward. First of all, wider hiring pools allow companies to recruit talent from anywhere. To give one example, start-ups now employ developers spread across several continents. Another thing I noticed is that reduced office costs let companies spend less on rent and utilities. You can see this when several firms have downsized their headquarters since 2020. It is also worth mentioning that social isolation affects people who live alone. A good illustration is that many remote staff say they miss casual conversations with colleagues. Then there is the fact that blurred boundaries make it hard to switch off after hours. To give one example, messages arriving in the evening encourage employees to keep working. Before this project I had not really thought about how closely these things are connected. Talking to friends and family about it also showed me that people hold very different opinions. I think it is easy to ignore the topic because the effects often appear slowly. Looking at several sources made me realise that the picture is more complicated than headlines suggest. From what I read, the most practical steps would be allowances for home office equipment, clear working-hour policies and regular in-person meetups. I believe these ideas are achievable if people are willing to cooperate and think about the long term. Overall, my research shows that remote work affects everyday life more than most people realise.","Remote work has become one of the most widely debated issues of the modern era. This assignment examines several dimensions of remote work and considers how each might be addressed. A central concern is that social isolation affects people who live alone. For example, many remote staff say they miss casual conversations with colleagues. It is also clear that unequal home conditions make productivity depend on personal circumstances. This can be seen in the fact that some employees work from a kitchen table in a shared flat. Another significant factor is that the lack of a commute saves time and reduces transport costs. Evidence of this appears where workers in large cities often spend two hours travelling each day. Furthermore, collaboration tools keep teams connected across time zones. For example, video meetings and shared documents replaced many office routines. A balanced analysis must recognise that social, economic and personal factors interact over time. No single policy or action can resolve every challenge in this area, so coordination is essential. Careful research and open public discussion remain necessary to guide sensible decisions. The scale of the issue means that delays in action are likely to increase the eventual costs. Public understanding of these questions is still uneven, which makes informed debate harder. To respond effectively, policymakers and individuals should consider allowances for home office equipment, regular in-person meetups and clear working-hour policies. Taken together, these measures would lower the long-term risks and spread the benefits more fairly. In conclusion, remote work demands sustained attention from institutions, communities and individuals alike.","0","independent_one_common_point"
"PAIR_041","Globalization","When I began researching globalization, I was surprised by how many different angles there are. In this assignment I describe the main problems I found and some realistic ways forward. First of all, international trade lowers prices and widens consumer choice. A good illustration is that shoppers can buy fruit and electronics from almost anywhere. Another thing I noticed is that outsourcing moves factory jobs to countries with lower wages. To give one example, many clothing brands manufacture in Bangladesh and Vietnam. It is also worth mentioning that cultural exchange spreads food, music and ideas across borders. You can see this when streaming services reach audiences in dozens of countries. Then there is the fact that multinational companies hold great influence over small economies. A good illustration is that a few firms control large parts of global markets. Before this project I had not really thought about how closely these things are connected. Talking to friends and family about it also showed me that people hold very different opinions. I think it is easy to ignore the topic because the effects often appear slowly. Looking at several sources made me realise that the picture is more complicated than headlines suggest. From what I read, the most practical steps would be support for displaced workers, global environmental rules and more resilient supply chains. I believe these ideas are achievable if people are willing to cooperate and think about the long term. Overall, my research shows that globalization affects everyday life more than most people realise.","Research on globalization usually highlights a number of linked causes and consequences. The discussion below outlines the strongest of these and evaluates possible responses. One finding that stands out is that supply chain dependence makes economies vulnerable to disruption. Consider how shortages in one country can halt production elsewhere. Related to this, environmental costs come from shipping goods over long distances. The case is illustrated when container ships burn large amounts of heavy fuel. The data also suggest that migration fills labour gaps but raises debates about integration. Practical evidence includes the fact that many hospitals rely on staff trained abroad. A further point is that income inequality can widen when benefits are unevenly shared. Consider how gains from trade often favour skilled workers. Studies in this field often disagree on the exact size of each effect, which complicates comparison. Measurement challenges mean that some trends are easier to document than others. Differences between regions suggest that local conditions strongly influence outcomes. Long-term monitoring is required to confirm whether current trends will continue. Comparisons across countries reveal that similar problems can produce very different results. Economic factors appear to interact with cultural attitudes in ways that are not yet fully understood. Reliable statistics are not available everywhere, so conclusions should be treated with some caution. Based on this evidence, the most promising responses are stronger labour standards, fair trade agreements and more resilient supply chains. Each option carries costs, yet the expected benefits appear to outweigh them over time. Ultimately, the evidence indicates that globalization cannot be understood or managed through isolated actions.","0","independent_disjoint_points"
"PAIR_042","Public Transportation","We can no longer treat public transportation as a distant problem that someone else will solve. The following pages argue that practical action is both possible and urgent. Consider first that electric buses cut emissions on busy routes. The proof is clear when several cities have replaced diesel fleets with battery models. Just as troubling, safety concerns discourage some passengers, especially at night. Look at what happens when poor lighting at stations makes many people uneasy. We should also remember that integrated ticketing makes journeys simpler. Real life confirms this, since a single card can pay for trains, buses and trams. Even more striking, unreliable services push commuters back into their cars. The proof is clear when frequent delays make timetables hard to trust. Some people argue that change is too expensive, but doing nothing carries a much higher price. Every community has a role to play, from local groups to national leaders. Small decisions made by ordinary people add up to real change when they are shared widely. Excuses and delays have already cost us valuable time that we cannot recover. It is easy to feel powerless, but history shows that determined communities can shift public opinion. Leaders who ignore this reality will eventually be forced to respond to growing public pressure. The way forward lies in safer stations and stops, investment in electric fleets and integrated tickets across modes. If we commit to these steps now, the next generation will inherit a far better situation. The choice is ours, and public transportation will only improve if we act with determination.","Public transportation has become one of the most widely debated issues of the modern era. This assignment examines several dimensions of public transportation and considers how each might be addressed. A central concern is that electric buses cut emissions on busy routes. This can be seen in the fact that several cities have replaced diesel fleets with battery models. It is also clear that safety concerns discourage some passengers, especially at night. Evidence of this appears where poor lighting at stations makes many people uneasy. Another significant factor is that integrated ticketing makes journeys simpler. For example, a single card can pay for trains, buses and trams. Furthermore, unreliable services push commuters back into their cars. This can be seen in the fact that frequent delays make timetables hard to trust. A balanced analysis must recognise that social, economic and personal factors interact over time. No single policy or action can resolve every challenge in this area, so coordination is essential. Careful research and open public discussion remain necessary to guide sensible decisions. The scale of the issue means that delays in action are expected to increase the eventual costs. Public understanding of these questions is still uneven, which makes informed debate harder. To respond effectively, policymakers and individuals should consider safer stations and stops, investment in electric fleets and integrated tickets across modes. Taken together, these measures would lower the long-term risks and spread the benefits more fairly. In conclusion, public transportation demands continued attention from institutions, communities and individuals alike.","1","paraphrased_same_outline"
"PAIR_043","Gender Equality at Work","Research on gender equality at work usually highlights a number of linked causes and consequences. The discussion below outlines the strongest of these and evaluates possible responses. One finding that stands out is that leadership representation remains low in many industries. Consider how only a small share of large companies are led by women. Related to this, the pay gap means women often earn less for similar roles. The case is illustrated when reports across many countries show persistent differences in average pay. The data also suggest that career breaks slow progress for parents who care for children. Practical evidence includes the fact that mothers are more likely to reduce their working hours. A further point is that flexible working helps both men and women combine careers and family life. Consider how firms offering flexible hours report better retention. Studies in this field often disagree on the exact size of each effect, which complicates comparison. Measurement challenges mean that some trends are easier to document than others. Differences between regions suggest that local conditions strongly influence outcomes. Long-term monitoring is required to confirm whether current trends will continue. Comparisons across countries reveal that similar problems can produce very different results. Based on this evidence, the most promising responses are bias training for managers, equal parental leave and transparent pay reporting. Each option carries costs, yet the expected benefits appear to outweigh them over time. Ultimately, the evidence indicates that gender equality at work cannot be understood or managed through isolated actions.","Gender equality at work has become one of the most widely debated issues of the modern era. This assignment examines several dimensions of gender equality at work and considers how each might be addressed. A central concern is that parental leave encourages fathers to share care responsibilities. Evidence of this appears where countries with paid paternity leave see more involvement from fathers. It is also clear that workplace harassment drives talented people out of their jobs. For example, many employees do not report incidents for fear of retaliation. Another significant factor is that mentoring schemes open doors for younger women. This can be seen in the fact that senior managers who sponsor junior staff help them progress. Furthermore, unconscious bias affects hiring and promotion decisions. Evidence of this appears where identical applications can be judged differently depending on the name. A balanced analysis must recognise that social, economic and personal factors interact over time. No single policy or action can resolve every challenge in this area, so coordination is essential. Careful research and open public discussion remain necessary to guide sensible decisions. The scale of the issue means that delays in action are likely to increase the eventual costs. Public understanding of these questions is still uneven, which makes informed debate harder. To respond effectively, policymakers and individuals should consider strong anti-harassment policies, mentoring and sponsorship programmes and equal parental leave. Taken together, these measures would lower the long-term risks and spread the benefits more fairly. In conclusion, gender equality at work demands sustained attention from institutions, communities and individuals alike.","0","independent_disjoint_points_distinct_solutions"
"PAIR_044","Plastic Pollution","When I began researching plastic pollution, I was surprised by how many different angles there are. In this assignment I describe the main problems I found and some realistic ways forward. First of all, microplastics enter food chains and drinking water. A good illustration is that tiny fragments have been found in fish, salt and bottled water. Another thing I noticed is that fishing gear left at sea continues to trap wildlife for years. To give one example, abandoned nets make up a large share of ocean plastic. It is also worth mentioning that single-use packaging produces enormous amounts of waste every day. You can see this when food containers and bags are often used for only a few minutes. Then there is the fact that cheap production makes plastic more attractive than alternatives. A good illustration is that new bottles are often cheaper than recycled material. Before this project I had not really thought about how closely these things are connected. Talking to friends and family about it also showed me that people hold very different opinions. I think it is easy to ignore the topic because the effects often appear slowly. Looking at several sources made me realise that the picture is more complicated than headlines suggest. From what I read, the most practical steps would be public awareness campaigns, better collection infrastructure and refill and reuse systems. I believe these ideas are achievable if people are willing to cooperate and think about the long term. Overall, my research shows that plastic pollution affects everyday life more than most people realise.","When I began researching plastic pollution, I was surprised by how many different angles there are. In this assignment I describe the main problems I found and some realistic ways forward. First of all, microplastics enter food chains and drinking water. A good illustration is that tiny fragments have been found in fish, salt and bottled water. Another thing I noticed is that fishing gear left at sea continues to trap wildlife for years. To give one example, abandoned nets make up a large share of ocean plastic. It is also worth mentioning that consumer habits decide how much plastic reaches the market. You can see this when supermarkets report strong demand for pre-packed fruit. Then there is the fact that ocean debris harms marine animals that mistake it for food. A good illustration is that turtles and seabirds are regularly found with plastic in their stomachs. Before this project I had not really thought about how closely these things are connected. Talking to friends and family about it also showed me that people hold very different opinions. I think it is easy to ignore the topic because the effects often appear slowly. Looking at several sources made me realise that the picture is more complicated than headlines suggest. From what I read, the most practical steps would be public awareness campaigns, better collection infrastructure and refill and reuse systems. I believe these ideas are achievable if people are willing to cooperate and think about the long term. Overall, my research shows that plastic pollution affects everyday life more than most people realise.","1","partial_overlap_copy"
"PAIR_045","Gender Equality at Work","Gender equality at work has become one of the most widely debated issues of the modern era. This assignment examines several dimensions of gender equality at work and considers how each might be addressed. A central concern is that leadership representation remains low in many industries. This can be seen in the fact that only a small share of substantial companies are led by women. It is also evident that the pay gap means women often earn less for similar roles. Evidence of this appears where reports across numerous countries show persistent differences in average pay. Another significant factor is that career breaks slow progress for parents who care for children. For example, mothers are more likely to lower their working hours. Furthermore, parental leave encourages fathers to share care responsibilities. This can be seen in the fact that countries with paid paternity leave see more involvement from fathers. A balanced analysis must recognise that social, economic and personal factors interact over time. No single policy or action can resolve every challenge in this area, so coordination is essential. Careful research and open public discussion remain required to guide sensible decisions. The scale of the issue means that delays in action are likely to increase the eventual costs. To respond effectively, policymakers and individuals should consider strong anti-harassment policies, bias training for managers and equal parental leave. Taken together, these measures would lower the long-term risks and spread the benefits more fairly. In conclusion, gender equality at work demands sustained attention from institutions, communities and individuals alike.","Research on gender equality at work usually highlights a number of linked causes and consequences. The discussion below outlines the strongest of these and evaluates possible responses. One finding that stands out is that leadership representation remains low in many industries. Consider how only a small share of large companies are led by women. Related to this, the pay gap means women often earn less for similar roles. The case is illustrated when reports across many countries show persistent differences in average pay. The data also suggest that career breaks slow progress for parents who care for children. Practical evidence includes the fact that mothers are more likely to reduce their working hours. A further point is that parental leave encourages fathers to share care responsibilities. Consider how countries with paid paternity leave see more involvement from fathers. Studies in this field often disagree on the exact size of each effect, which complicates comparison. Measurement challenges mean that some trends are easier to document than others. Differences between regions suggest that local conditions strongly influence outcomes. Long-term monitoring is required to confirm whether current trends will continue. Comparisons across countries reveal that similar problems can produce very different results. Based on this evidence, the most promising responses are strong anti-harassment policies, bias training for managers and equal parental leave. Each option carries costs, yet the expected benefits appear to outweigh them over time. Ultimately, the evidence indicates that gender equality at work cannot be understood or managed through isolated actions.","1","paraphrased_same_outline"
"PAIR_046","Renewable Energy","Research on renewable energy usually highlights a number of linked causes and consequences. The discussion below outlines the strongest of these and evaluates possible responses. One finding that stands out is that battery storage allows surplus energy to be saved for later use. Consider how large grid batteries are now installed beside new solar plants. Related to this, green jobs offer new work to people leaving traditional energy industries. The case is illustrated when installation and maintenance of turbines employ thousands of technicians. The data also suggest that hydropower provides steady electricity but alters river ecosystems. Practical evidence includes the fact that big dams have displaced communities in several countries. A further point is that outdated electricity grids struggle to carry power from remote generation sites. Consider how projects in rural areas sometimes wait years for a grid connection. Studies in this field often disagree on the exact size of each effect, which complicates comparison. Measurement challenges mean that some trends are easier to document than others. Differences between regions suggest that local conditions strongly influence outcomes. Long-term monitoring is required to confirm whether current trends will continue. Comparisons across countries reveal that similar problems can produce very different results. Economic factors appear to interact with cultural attitudes in ways that are not yet fully understood. Based on this evidence, the most promising responses are community-owned solar projects, upgraded transmission networks and affordable storage technology. Each option carries costs, yet the expected benefits appear to outweigh them over time. Ultimately, the evidence indicates that renewable energy cannot be understood or managed through isolated actions.","When I began researching renewable energy, I was surprised by how many different angles there are. In this assignment I describe the main problems I found and some realistic ways forward. First of all, battery storage allows surplus energy to be saved for later use. To give one example, large grid batteries are now installed beside new solar plants. Another thing I noticed is that solar power has become cheaper than many fossil fuel sources. You can see this when rooftop panels now supply a growing share of household electricity in India. It is also worth mentioning that intermittent supply makes it difficult to match generation with demand. A good illustration is that solar output drops sharply in the evening when households use the most power. Then there is the fact that government subsidies encourage households and companies to switch. To give one example, feed-in tariffs helped Germany expand its solar capacity quickly. Before this project I had not really thought about how closely these things are connected. Talking to friends and family about it also showed me that people hold very different opinions. I think it is easy to ignore the topic because the effects often appear slowly. From what I read, the most practical steps would be long-term policy support, upgraded transmission networks and retraining for energy workers. I believe these ideas are achievable if people are willing to cooperate and think about the long term. Overall, my research shows that renewable energy affects everyday life more than most people realise.","0","independent_one_common_point"
"PAIR_047","Gender Equality at Work","We can no longer treat gender equality at work as a distant problem that someone else will solve. The following pages argue that practical action is both possible and urgent. Consider first that leadership representation remains low in many industries. The proof is clear when only a small share of large companies are led by women. Just as troubling, workplace harassment drives talented people out of their jobs. Look at what happens when many employees do not report incidents for fear of retaliation. We should also remember that mentoring schemes open doors for younger women. Real life confirms this, since senior managers who sponsor junior staff help them progress. Even more striking, the pay gap means women often earn less for similar roles. The proof is clear when reports across many countries show persistent differences in average pay. Some people argue that change is too expensive, but doing nothing carries a much higher price. Every community has a role to play, from local groups to national leaders. Small decisions made by ordinary people add up to real change when they are shared widely. Excuses and delays have already cost us valuable time that we cannot recover. It is easy to feel powerless, but history shows that determined communities can shift public opinion. The way forward lies in strong anti-harassment policies, mentoring and sponsorship programmes and transparent pay reporting. If we commit to these steps now, the next generation will inherit a far better situation. The choice is ours, and gender equality at work will only improve if we act with determination.","Research on gender equality at work usually highlights a number of linked causes and consequences. The discussion below outlines the strongest of these and evaluates possible responses. One finding that stands out is that leadership representation remains low in many industries. Consider how only a small share of large companies are led by women. Related to this, flexible working helps both men and women combine careers and family life. The case is illustrated when firms offering flexible hours report better retention. The data also suggest that parental leave encourages fathers to share care responsibilities. Practical evidence includes the fact that countries with paid paternity leave see more involvement from fathers. A further point is that unconscious bias affects hiring and promotion decisions. Consider how identical applications can be judged differently depending on the name. Studies in this field often disagree on the exact size of each effect, which complicates comparison. Measurement challenges mean that some trends are easier to document than others. Differences between regions suggest that local conditions strongly influence outcomes. Long-term monitoring is required to confirm whether current trends will continue. Comparisons across countries reveal that similar problems can produce very different results. Economic factors appear to interact with cultural attitudes in ways that are not yet fully understood. Based on this evidence, the most promising responses are transparent pay reporting, equal parental leave and mentoring and sponsorship programmes. Each option carries costs, yet the expected benefits appear to outweigh them over time. Ultimately, the evidence indicates that gender equality at work cannot be understood or managed through isolated actions.","0","independent_one_common_point"
"PAIR_048","Water Scarcity","When I began researching water scarcity, I was surprised by how many different angles there are. In this assignment I describe the main problems I found and some realistic ways forward. First of all, shared rivers create tension between neighbouring countries. A good illustration is that disputes over dams have strained regional relations. Another thing I noticed is that drought reduces harvests and raises food prices. To give one example, repeated dry seasons have devastated crops in East Africa. It is also worth mentioning that leaking pipes waste treated water before it reaches homes. You can see this when some cities lose a third of their supply to leaks. Then there is the fact that growing populations increase demand for drinking water. A good illustration is that cities in dry regions struggle to supply every household. Before this project I had not really thought about how closely these things are connected. Talking to friends and family about it also showed me that people hold very different opinions. I think it is easy to ignore the topic because the effects often appear slowly. Looking at several sources made me realise that the picture is more complicated than headlines suggest. From what I read, the most practical steps would be wastewater recycling, fair pricing and shared river agreements and rainwater harvesting. I believe these ideas are achievable if people are willing to cooperate and think about the long term. Overall, my research shows that water scarcity affects everyday life more than most people realise.","When I began researching water scarcity, I was surprised by how many different angles there are. In this assignment I describe the main problems I found and some realistic ways forward. First of all, shared rivers create tension between neighbouring countries. A good illustration is that disputes over dams have strained regional relations. Another thing I noticed is that drought reduces harvests and raises food prices. To give one example, repeated dry seasons have devastated crops in East Africa. It is also worth mentioning that irrigation uses the largest share of fresh water worldwide. You can see this when rice and cotton farming require huge volumes of water. Then there is the fact that pollution makes available water unsafe to use. A good illustration is that industrial waste has contaminated several rivers. Before this project I had not really thought about how closely these things are connected. Talking to friends and family about it also showed me that people hold very different opinions. I think it is easy to ignore the topic because the effects often appear slowly. Looking at several sources made me realise that the picture is more complicated than headlines suggest. I also noticed that most articles describe only one side, so I tried to compare different viewpoints. From what I read, the most practical steps would be wastewater recycling, fair pricing and shared river agreements and rainwater harvesting. I believe these ideas are achievable if people are willing to cooperate and think about the long term. Overall, my research shows that water scarcity affects everyday life more than most people realise.","1","partial_overlap_copy"
"PAIR_049","Water Scarcity","Water scarcity has become one of the most widely debated issues of the modern era. This assignment examines several dimensions of water scarcity and considers how each might be addressed. A central concern is that falling groundwater levels force farmers to dig deeper wells. For example, parts of northern India have seen steady drops in the water table. It is also clear that growing populations increase demand for drinking water. This can be seen in the fact that cities in dry regions struggle to supply every household. Another significant factor is that pollution makes available water unsafe to use. Evidence of this appears where industrial waste has contaminated several rivers. Furthermore, drought reduces harvests and raises food prices. For example, repeated dry seasons have devastated crops in East Africa. A balanced analysis must recognise that social, economic and personal factors interact over time. No single policy or action can resolve every challenge in this area, so coordination is essential. Careful research and open public discussion remain necessary to guide sensible decisions. The scale of the issue means that delays in action are likely to increase the eventual costs. Public understanding of these questions is still uneven, which makes informed debate harder. Responsibility is shared between governments, businesses and ordinary citizens in different ways. To respond effectively, policymakers and individuals should consider rainwater harvesting, drip irrigation and wastewater recycling. Taken together, these measures would lower the long-term risks and spread the benefits more fairly. In conclusion, water scarcity demands sustained attention from institutions, communities and individuals alike.","Water scarcity has become one of the most widely debated issues of the modern era. This assignment examines several dimensions of water scarcity and considers how each might be addressed. A central concern is that drought lowers harvests and raises food prices. For example, repeated dry seasons have devastated crops in East Africa. It is also evident that pollution makes available water unsafe to use. This can be seen in the fact that industrial waste has contaminated several rivers. Another important factor is that growing populations increase demand for drinking water. Evidence of this appears where cities in dry regions struggle to supply every household. Furthermore, falling groundwater levels force farmers to dig deeper wells. For example, parts of northern India have seen steady drops in the water table. A balanced analysis must recognise that social, economic and personal factors interact over time. No single policy or action can resolve every challenge in this area, so coordination is vital. Careful research and open public discussion remain required to guide sensible decisions. The scale of the issue means that delays in action are expected to increase the eventual costs. Public understanding of these questions is still uneven, which makes informed debate harder. Responsibility is shared between governments, businesses and ordinary citizens in different ways. To respond effectively, policymakers and individuals should consider rainwater harvesting, drip irrigation and wastewater recycling. Taken together, these measures would reduce the long-term risks and spread the advantages more fairly. In conclusion, water scarcity demands sustained attention from institutions, communities and individuals alike.","1","reordered_copy"
"PAIR_050","Renewable Energy","Research on renewable energy usually highlights a number of linked causes and consequences. The discussion below outlines the strongest of these and evaluates possible responses. One finding that stands out is that outdated electricity grids struggle to carry power from remote generation sites. Consider how projects in rural areas sometimes wait years for a grid connection. Related to this, solar power has become cheaper than many fossil fuel sources. The case is illustrated when rooftop panels now supply a growing share of household electricity in India. The data also suggest that government subsidies encourage households and companies to switch. Realistic evidence includes the fact that feed-in tariffs helped Germany expand its solar capacity quickly. A further point is that battery storage allows surplus energy to be saved for later use. Consider how large grid batteries are now installed beside new solar plants. Studies in this field frequently disagree on the exact size of each effect, which complicates comparison. Measurement challenges mean that some trends are easier to document than others. Differences between regions suggest that local conditions strongly influence outcomes. Long-term monitoring is required to confirm whether current trends will continue. Comparisons across countries reveal that similar problems can produce very different results. Based on this evidence, the most promising responses are long-term policy support, retraining for energy workers and affordable storage technology. Each option carries costs, yet the expected advantages appear to outweigh them over time. Ultimately, the evidence indicates that renewable energy cannot be understood or managed through isolated actions.","Research on renewable energy usually highlights a number of linked causes and consequences. The discussion below outlines the strongest of these and evaluates possible responses. One finding that stands out is that outdated electricity grids struggle to carry power from remote generation sites. Consider how projects in rural areas sometimes wait years for a grid connection. Related to this, solar power has become cheaper than many fossil fuel sources. The case is illustrated when rooftop panels now supply a growing share of household electricity in India. The data also suggest that government subsidies encourage households and companies to switch. Practical evidence includes the fact that feed-in tariffs helped Germany expand its solar capacity quickly. A further point is that battery storage allows surplus energy to be saved for later use. Consider how large grid batteries are now installed beside new solar plants. Studies in this field often disagree on the exact size of each effect, which complicates comparison. Measurement challenges mean that some trends are easier to document than others. Differences between regions suggest that local conditions strongly influence outcomes. Long-term monitoring is required to confirm whether current trends will continue. Comparisons across countries reveal that similar problems can produce very different results. Based on this evidence, the most promising responses are long-term policy support, retraining for energy workers and affordable storage technology. Each option carries costs, yet the expected benefits appear to outweigh them over time. Ultimately, the evidence indicates that renewable energy cannot be understood or managed through isolated actions.","1","near_duplicate_copy"
"PAIR_051","Student Mental Health","Student mental health has become one of the most widely debated issues of the modern era. This assignment examines several dimensions of student mental health and considers how each might be addressed. A central concern is that limited counselling services leave many students waiting for help. For example, some campuses have waiting lists of several weeks. It is also clear that peer support groups help students feel understood. This can be seen in the fact that student-led listening schemes have grown on several campuses. Another significant factor is that academic competition encourages perfectionism and burnout. Evidence of this appears where high achievers often feel that anything less than top marks is failure. Furthermore, financial worries add strain to university life. For example, part-time jobs often compete with study time. A balanced analysis must recognise that social, economic and personal factors interact over time. No single policy or action can resolve every challenge in this area, so coordination is essential. Careful research and open public discussion remain necessary to guide sensible decisions. The scale of the issue means that delays in action are likely to increase the eventual costs. Public understanding of these questions is still uneven, which makes informed debate harder. To respond effectively, policymakers and individuals should consider campaigns that reduce stigma, more campus counsellors and mental health education from an early age. Taken together, these measures would lower the long-term risks and spread the benefits more fairly. In conclusion, student mental health demands sustained attention from institutions, communities and individuals alike.","Student mental health has become one of the most widely debated issues of the modern era. This assignment examines several dimensions of student mental health and considers how each might be addressed. A central concern is that limited counselling services leave many students waiting for help. Evidence of this appears where some campuses have waiting lists of several weeks. It is also clear that peer support groups help students feel understood. For example, student-led listening schemes have grown on several campuses. Another significant factor is that academic competition encourages perfectionism and burnout. This can be seen in the fact that high achievers often feel that anything less than top marks is failure. Furthermore, financial worries add strain to university life. Evidence of this appears where part-time jobs frequently compete with study time. A balanced analysis must recognise that social, economic and personal factors interact over time. No single policy or action can resolve every challenge in this area, so coordination is vital. Careful research and open public discussion remain necessary to guide sensible decisions. The scale of the issue means that delays in action are expected to increase the eventual costs. Public understanding of these questions is still uneven, which makes informed debate harder. To respond effectively, policymakers and individuals should consider campaigns that lower stigma, more campus counsellors and mental health education from an early age. Taken together, these measures would reduce the long-term risks and spread the benefits more fairly. In conclusion, student mental health demands continued attention from institutions, communities and individuals alike.","1","shared_content_light_rewrite"
"PAIR_052","Globalization","When I started researching globalization, I was surprised by how numerous different angles there are. In this assignment I describe the key problems I found and some realistic ways forward. First of all, outsourcing moves factory jobs to countries with reduce wages. You can see this when many clothing brands manufacture in Bangladesh and Vietnam. Another thing I noticed is that income inequality can widen when benefits are unevenly shared. A good illustration is that gains from trade often favour skilled workers. It is also worth mentioning that environmental costs come from shipping goods over long distances. To give one example, container ships burn large amounts of heavy fuel. Then there is the fact that migration fills labour gaps but raises debates about integration. You can see this when many hospitals rely on staff trained abroad. Before this project I had not really thought about how closely these things are connected. Talking to friends and family about it also showed me that people hold very different opinions. I think it is easy to ignore the topic because the effects frequently appear slowly. Looking at several sources made me realise that the picture is more complicated than headlines suggest. From what I read, the most practical steps would be more resilient supply chains, fair trade agreements and global environmental rules. I believe these ideas are achievable if people are willing to cooperate and think about the long term. Overall, my research shows that globalization influences everyday life more than most people realise.","When I began researching globalization, I was surprised by how many different angles there are. In this assignment I describe the main problems I found and some realistic ways forward. First of all, outsourcing moves factory jobs to countries with lower wages. A good illustration is that many clothing brands manufacture in Bangladesh and Vietnam. Another thing I noticed is that income inequality can widen when benefits are unevenly shared. To give one example, gains from trade often favour skilled workers. It is also worth mentioning that environmental costs come from shipping goods over long distances. You can see this when container ships burn large amounts of heavy fuel. Then there is the fact that migration fills labour gaps but raises debates about integration. A good illustration is that many hospitals rely on staff trained abroad. Before this project I had not really thought about how closely these things are connected. Talking to friends and family about it also showed me that people hold very different opinions. I think it is easy to ignore the topic because the effects often appear slowly. Looking at several sources made me realise that the picture is more complicated than headlines suggest. From what I read, the most practical steps would be more resilient supply chains, fair trade agreements and global environmental rules. I believe these ideas are achievable if people are willing to cooperate and think about the long term. Overall, my research shows that globalization affects everyday life more than most people realise.","1","shared_content_light_rewrite"
"PAIR_053","Student Mental Health","We can no longer treat student mental health as a distant problem that someone else will solve. The following pages argue that practical action is both possible and urgent. Consider first that peer support groups help students feel understood. The proof is clear when student-led listening schemes have grown on several campuses. Just as troubling, limited counselling services leave many students waiting for help. Look at what happens when some campuses have waiting lists of several weeks. We should also remember that academic competition encourages perfectionism and burnout. Real life confirms this, since high achievers often feel that anything less than top marks is failure. Even more striking, loneliness affects students who move far from home. The proof is clear when first-year students may struggle to make new friends. Some people argue that change is too expensive, but doing nothing carries a much higher price. Every community has a role to play, from local groups to national leaders. Small decisions made by ordinary people add up to real change when they are shared widely. Excuses and delays have already cost us valuable time that we cannot recover. It is easy to feel powerless, but history shows that determined communities can shift public opinion. The way forward lies in peer mentoring programmes, more campus counsellors and mental health education from an early age. If we commit to these steps now, the next generation will inherit a far better situation. The choice is ours, and student mental health will only improve if we act with determination.","Research on student mental health usually highlights a number of linked causes and consequences. The discussion below outlines the strongest of these and evaluates possible responses. One finding that stands out is that limited counselling services leave many students waiting for help. Consider how some campuses have waiting lists of several weeks. Related to this, exam pressure creates stress that lasts for weeks. The case is illustrated when many students describe sleepless nights before final papers. The data also suggest that stigma prevents students from asking for support. Practical evidence includes the fact that many young people fear being judged for admitting they struggle. A further point is that poor sleep and diet worsen mood and concentration. Consider how energy drinks and skipped meals are common during exam season. Studies in this field often disagree on the exact size of each effect, which complicates comparison. Measurement challenges mean that some trends are easier to document than others. Differences between regions suggest that local conditions strongly influence outcomes. Long-term monitoring is required to confirm whether current trends will continue. Comparisons across countries reveal that similar problems can produce very different results. Economic factors appear to interact with cultural attitudes in ways that are not yet fully understood. Based on this evidence, the most promising responses are peer mentoring programmes, mental health education from an early age and campaigns that reduce stigma. Each option carries costs, yet the expected benefits appear to outweigh them over time. Ultimately, the evidence indicates that student mental health cannot be understood or managed through isolated actions.","0","independent_one_common_point"
"PAIR_054","E-commerce","E-commerce has become one of the most widely debated issues of the modern era. This assignment examines several dimensions of e-commerce and considers how each might be addressed. A central concern is that digital payments make buying quick and convenient. This can be seen in the fact that one-click checkout reduces the effort of purchasing. It is also clear that fake reviews mislead shoppers and damage trust. Evidence of this appears where some sellers pay for large numbers of five-star ratings. Another significant factor is that warehouse work can involve demanding targets and low pay. For example, workers report strict timing of every task. Furthermore, declining high streets result from shifting customer habits. This can be seen in the fact that many familiar shops have closed in town centres. A balanced analysis must recognise that social, economic and personal factors interact over time. No single policy or action can resolve every challenge in this area, so coordination is essential. Careful research and open public discussion remain necessary to guide sensible decisions. The scale of the issue means that delays in action are likely to increase the eventual costs. Public understanding of these questions is still uneven, which makes informed debate harder. Responsibility is shared between governments, businesses and ordinary citizens in different ways. To respond effectively, policymakers and individuals should consider secure payment standards, support for local shops and greener delivery options. Taken together, these measures would lower the long-term risks and spread the benefits more fairly. In conclusion, e-commerce demands sustained attention from institutions, communities and individuals alike.","Research on e-commerce usually highlights a number of linked causes and consequences. The discussion below outlines the strongest of these and evaluates possible responses. One finding that stands out is that fake reviews mislead shoppers and damage trust. Consider how some sellers pay for large numbers of five-star ratings. Related to this, online marketplaces give small sellers access to national customers. The case is illustrated when craft makers can sell directly without opening a shop. The data also suggest that fast delivery raises expectations and increases traffic. Practical evidence includes the fact that vans delivering parcels now fill many residential streets. A further point is that personalised recommendations encourage extra spending. Consider how shoppers often add suggested items to their baskets. Studies in this field often disagree on the exact size of each effect, which complicates comparison. Measurement challenges mean that some trends are easier to document than others. Differences between regions suggest that local conditions strongly influence outcomes. Long-term monitoring is required to confirm whether current trends will continue. Comparisons across countries reveal that similar problems can produce very different results. Economic factors appear to interact with cultural attitudes in ways that are not yet fully understood. Reliable statistics are not available everywhere, so conclusions should be treated with some caution. Based on this evidence, the most promising responses are support for local shops, secure payment standards and greener delivery options. Each option carries costs, yet the expected benefits appear to outweigh them over time. Ultimately, the evidence indicates that e-commerce cannot be understood or managed through isolated actions.","0","independent_one_common_point"
"PAIR_055","Remote Work","Research on remote work usually highlights a number of linked causes and consequences. The discussion below outlines the strongest of these and evaluates possible responses. One finding that stands out is that wider hiring pools allow companies to recruit talent from anywhere. The case is illustrated when start-ups now employ developers spread across several continents. Related to this, reduced office costs let companies spend less on rent and utilities. Practical evidence includes the fact that several firms have downsized their headquarters since 2020. The data also suggest that the lack of a commute saves time and reduces transport costs. Consider how workers in large cities often spend two hours travelling each day. A further point is that flexible schedules help employees balance work and family life. The case is illustrated when parents can attend school events without taking leave. Studies in this field frequently disagree on the exact size of each effect, which complicates comparison. Measurement challenges mean that some trends are easier to document than others. Differences between regions suggest that local conditions strongly influence outcomes. Long-term monitoring is required to confirm whether current trends will continue. Comparisons across countries reveal that similar problems can produce very different results. Based on this evidence, the most promising responses are mental health support for staff, allowances for home office equipment and evident working-hour policies. Each option carries costs, yet the expected advantages appear to outweigh them over time. Ultimately, the evidence indicates that remote work cannot be understood or managed through isolated actions.","Remote work has become one of the most widely debated issues of the modern era. This assignment examines several dimensions of remote work and considers how each might be addressed. A central concern is that wider hiring pools allow companies to recruit talent from anywhere. For example, start-ups now employ developers spread across several continents. It is also clear that reduced office costs let companies spend less on rent and utilities. This can be seen in the fact that several firms have downsized their headquarters since 2020. Another significant factor is that the lack of a commute saves time and reduces transport costs. Evidence of this appears where workers in large cities often spend two hours travelling each day. Furthermore, flexible schedules help employees balance work and family life. For example, parents can attend school events without taking leave. A balanced analysis must recognise that social, economic and personal factors interact over time. No single policy or action can resolve every challenge in this area, so coordination is essential. Careful research and open public discussion remain necessary to guide sensible decisions. The scale of the issue means that delays in action are likely to increase the eventual costs. Public understanding of these questions is still uneven, which makes informed debate harder. To respond effectively, policymakers and individuals should consider mental health support for staff, allowances for home office equipment and clear working-hour policies. Taken together, these measures would lower the long-term risks and spread the benefits more fairly. In conclusion, remote work demands sustained attention from institutions, communities and individuals alike.","1","paraphrased_same_outline"
"PAIR_056","Social Media and Teenagers","We can no longer treat social media and teenagers as a distant problem that someone else will solve. The following pages argue that practical action is both possible and urgent. Consider first that fear of missing out creates anxiety about being left out of social events. The proof is clear when notifications from friends' parties can leave others feeling excluded. Just as troubling, constant comparison with edited photos lowers self-esteem among young users. Look at what happens when many teenagers say they feel pressure to look perfect online. We should also remember that cyberbullying follows victims home and is hard to escape. Real life confirms this, since hurtful messages can spread through group chats within minutes. Even more striking, late-night scrolling cuts into sleep and harms school performance. The proof is clear when students often admit to checking their phones after midnight. Some people argue that change is too expensive, but doing nothing carries a much higher price. Every community has a role to play, from local groups to national leaders. Small decisions made by ordinary people add up to real change when they are shared widely. Excuses and delays have already cost us valuable time that we cannot recover. The way forward lies in clear screen-time limits at home, age-appropriate privacy settings and open family conversations about online life. If we commit to these steps now, the next generation will inherit a far better situation. The choice is ours, and social media and teenagers will only improve if we act with determination.","We can no longer treat social media and teenagers as a distant problem that someone else will solve. The following pages argue that practical action is both possible and urgent. Consider first that late-night scrolling cuts into sleep and harms school performance. The proof is clear when students frequently admit to checking their phones after midnight. Just as troubling, cyberbullying follows victims home and is hard to escape. Look at what happens when hurtful messages can spread through group chats within minutes. We should also remember that constant comparison with edited photos lowers self-esteem among young users. Real life confirms this, since numerous teenagers say they feel pressure to look perfect online. Even more striking, fear of missing out creates anxiety about being left out of social events. The proof is clear when notifications from friends' parties can leave others feeling excluded. Some people argue that change is too expensive, but doing nothing carries a much higher price. Every community has a role to play, from local groups to national leaders. Minor decisions made by ordinary people add up to real change when they are shared widely. Excuses and delays have already cost us valuable time that we cannot recover. The way forward lies in evident screen-time limits at home, age-appropriate privacy settings and open family conversations about online life. If we commit to these steps now, the next generation will inherit a far better situation. The choice is ours, and social media and teenagers will only improve if we act with determination.","1","reordered_copy"
"PAIR_057","E-commerce","E-commerce has become one of the most widely debated issues of the modern era. This assignment examines several dimensions of e-commerce and considers how each might be addressed. A central concern is that declining high streets result from shifting customer habits. For example, many familiar shops have closed in town centres. It is also clear that warehouse work can involve demanding targets and low pay. This can be seen in the fact that workers report strict timing of every task. Another significant factor is that fake reviews mislead shoppers and damage trust. Evidence of this appears where some sellers pay for large numbers of five-star ratings. Furthermore, personalised recommendations encourage extra spending. For example, shoppers often add suggested items to their baskets. A balanced analysis must recognise that social, economic and personal factors interact over time. No single policy or action can resolve every challenge in this area, so coordination is essential. Careful research and open public discussion remain necessary to guide sensible decisions. The scale of the issue means that delays in action are likely to increase the eventual costs. Public understanding of these questions is still uneven, which makes informed debate harder. Responsibility is shared between governments, businesses and ordinary citizens in different ways. To respond effectively, policymakers and individuals should consider secure payment standards, fair conditions for warehouse staff and tougher rules on fake reviews. Taken together, these measures would lower the long-term risks and spread the benefits more fairly. In conclusion, e-commerce demands sustained attention from institutions, communities and individuals alike.","We can no longer treat e-commerce as a distant problem that someone else will solve. The following pages argue that practical action is both possible and urgent. Consider first that online marketplaces give small sellers access to national customers. The proof is clear when craft makers can sell directly without opening a shop. Just as troubling, high return rates create waste and extra costs. Look at what happens when clothing bought online is frequently sent back. We should also remember that digital payments make buying quick and convenient. Real life confirms this, since one-click checkout reduces the effort of purchasing. Even more striking, fast delivery raises expectations and increases traffic. The proof is clear when vans delivering parcels now fill many residential streets. Some people argue that change is too expensive, but doing nothing carries a much higher price. Every community has a role to play, from local groups to national leaders. Small decisions made by ordinary people add up to real change when they are shared widely. Excuses and delays have already cost us valuable time that we cannot recover. It is easy to feel powerless, but history shows that determined communities can shift public opinion. Leaders who ignore this reality will eventually be forced to respond to growing public pressure. The way forward lies in tougher rules on fake reviews, support for local shops and greener delivery options. If we commit to these steps now, the next generation will inherit a far better situation. The choice is ours, and e-commerce will only improve if we act with determination.","0","independent_disjoint_points"
"PAIR_058","Nutrition and Obesity","When I began researching nutrition and obesity, I was surprised by how many different angles there are. In this assignment I describe the main problems I found and some realistic ways forward. First of all, nutrition education helps people read labels and plan meals. A good illustration is that cooking lessons give young people practical skills. Another thing I noticed is that food marketing influences the choices of children. To give one example, cartoon characters are widely used to promote sugary cereals. It is also worth mentioning that ultra-processed foods are high in sugar, salt and fat. You can see this when snacks and soft drinks make up a large share of many diets. Then there is the fact that healthy food prices put fresh produce out of reach for some families. A good illustration is that fruit and vegetables can cost more per calorie than fast food. Before this project I had not really thought about how closely these things are connected. Talking to friends and family about it also showed me that people hold very different opinions. I think it is easy to ignore the topic because the effects often appear slowly. From what I read, the most practical steps would be sugar taxes, restrictions on marketing to children and safe spaces for exercise. I believe these ideas are achievable if people are willing to cooperate and think about the long term. Overall, my research shows that nutrition and obesity affects everyday life more than most people realise.","When I began researching nutrition and obesity, I was surprised by how many different angles there are. In this assignment I describe the main problems I found and some realistic ways forward. First of all, nutrition education helps people read labels and plan meals. A good illustration is that cooking lessons give young people practical skills. Another thing I noticed is that food marketing influences the choices of children. To give one example, cartoon characters are widely used to promote sugary cereals. It is also worth mentioning that sedentary lifestyles reduce the calories people burn each day. You can see this when office work and long hours of screen time limit movement. Then there is the fact that school meals shape eating habits from an early age. A good illustration is that programmes with fresh ingredients have improved pupils' diets. Before this project I had not really thought about how closely these things are connected. Talking to friends and family about it also showed me that people hold very different opinions. I think it is easy to ignore the topic because the effects often appear slowly. Looking at several sources made me realise that the picture is more complicated than headlines suggest. From what I read, the most practical steps would be sugar taxes, restrictions on marketing to children and safe spaces for exercise. I believe these ideas are achievable if people are willing to cooperate and think about the long term. Overall, my research shows that nutrition and obesity affects everyday life more than most people realise.","1","partial_overlap_copy"
"PAIR_059","Student Mental Health","We can no longer treat student mental health as a distant problem that someone else will solve. The following pages argue that realistic action is both possible and urgent. Consider first that peer support groups help students feel understood. The proof is evident when student-led listening schemes have grown on multiple campuses. Just as troubling, exam pressure creates stress that lasts for weeks. Look at what happens when many students describe sleepless nights before final papers. We should also remember that loneliness influences students who move far from home. Real life confirms this, since first-year students may struggle to make new friends. Even more striking, academic competition encourages perfectionism and burnout. The proof is clear when high achievers often feel that anything less than top marks is failure. Some people argue that change is too expensive, but doing nothing carries a much higher price. Every community has a role to play, from local groups to national leaders. Small decisions made by ordinary people add up to real change when they are shared commonly. Excuses and delays have already cost us valuable time that we cannot recover. It is easy to feel powerless, but history demonstrates that determined communities can shift public opinion. Leaders who ignore this reality will eventually be forced to respond to growing public pressure. The way forward lies in peer mentoring programmes, more campus counsellors and reasonable assessment deadlines. If we commit to these steps now, the next generation will inherit a far better situation. The choice is ours, and student mental health will only improve if we act with determination.","We can no longer treat student mental health as a distant problem that someone else will solve. The following pages argue that practical action is both possible and urgent. Consider first that loneliness affects students who move far from home. The proof is clear when first-year students may struggle to make new friends. Just as troubling, exam pressure creates stress that lasts for weeks. Look at what happens when many students describe sleepless nights before final papers. We should also remember that peer support groups help students feel understood. Real life confirms this, since student-led listening schemes have grown on several campuses. Even more striking, academic competition encourages perfectionism and burnout. The proof is clear when high achievers often feel that anything less than top marks is failure. Some people argue that change is too expensive, but doing nothing carries a much higher price. Every community has a role to play, from local groups to national leaders. Small decisions made by ordinary people add up to real change when they are shared widely. Excuses and delays have already cost us valuable time that we cannot recover. It is easy to feel powerless, but history shows that determined communities can shift public opinion. Leaders who ignore this reality will eventually be forced to respond to growing public pressure. The way forward lies in peer mentoring programmes, more campus counsellors and reasonable assessment deadlines. If we commit to these steps now, the next generation will inherit a far better situation. The choice is ours, and student mental health will only improve if we act with determination.","1","reordered_copy"
"PAIR_060","Cybersecurity","When I began researching cybersecurity, I was surprised by how many different angles there are. In this assignment I describe the main problems I found and some realistic ways forward. First of all, data breaches damage customer trust and bring heavy fines. A good illustration is that retailers have lost millions after card details were stolen. Another thing I noticed is that connected devices add new entry points to home and office networks. To give one example, smart cameras are often sold with default passwords. It is also worth mentioning that outdated software contains known flaws that criminals exploit. You can see this when large breaches have followed failures to install available updates. Then there is the fact that insider mistakes cause a surprising share of security incidents. A good illustration is that a misdirected email can expose thousands of customer records. Before this project I had not really thought about how closely these things are connected. Talking to friends and family about it also showed me that people hold very different opinions. I think it is easy to ignore the topic because the effects often appear slowly. Looking at several sources made me realise that the picture is more complicated than headlines suggest. From what I read, the most practical steps would be regular staff awareness training, clear incident response plans and prompt software updates. I believe these ideas are achievable if people are willing to cooperate and think about the long term. Overall, my research shows that cybersecurity affects everyday life more than most people realise.","Research on cybersecurity usually highlights a number of linked causes and consequences. The discussion below outlines the strongest of these and evaluates possible responses. One finding that stands out is that skills shortages leave many companies poorly defended. Consider how small businesses rarely employ a dedicated security expert. Related to this, weak passwords leave personal accounts easy to break into. The case is illustrated when many people still reuse one password across several websites. The data also suggest that phishing emails trick employees into revealing passwords. Practical evidence includes the fact that fake delivery notices remain one of the most common attack methods. A further point is that ransomware locks organisations out of their own data. Consider how hospitals have been forced to cancel appointments after attacks. Studies in this field often disagree on the exact size of each effect, which complicates comparison. Measurement challenges mean that some trends are easier to document than others. Differences between regions suggest that local conditions strongly influence outcomes. Long-term monitoring is required to confirm whether current trends will continue. Comparisons across countries reveal that similar problems can produce very different results. Economic factors appear to interact with cultural attitudes in ways that are not yet fully understood. Based on this evidence, the most promising responses are offline data backups, clear incident response plans and prompt software updates. Each option carries costs, yet the expected benefits appear to outweigh them over time. Ultimately, the evidence indicates that cybersecurity cannot be understood or managed through isolated actions.","0","independent_disjoint_points"
"PAIR_061","Remote Work","When I began researching remote work, I was surprised by how many different angles there are. In this assignment I describe the main problems I found and some realistic ways forward. First of all, unequal home conditions make productivity depend on personal circumstances. A good illustration is that some employees work from a kitchen table in a shared flat. Another thing I noticed is that flexible schedules help employees balance work and family life. To give one example, parents can attend school events without taking leave. It is also worth mentioning that collaboration tools keep teams connected across time zones. You can see this when video meetings and shared documents replaced many office routines. Then there is the fact that wider hiring pools allow companies to recruit talent from anywhere. A good illustration is that start-ups now employ developers spread across several continents. Before this project I had not really thought about how closely these things are connected. Talking to friends and family about it also showed me that people hold very different opinions. I think it is easy to ignore the topic because the effects often appear slowly. Looking at several sources made me realise that the picture is more complicated than headlines suggest. From what I read, the most practical steps would be training managers to lead remote teams, allowances for home office equipment and regular in-person meetups. I believe these ideas are achievable if people are willing to cooperate and think about the long term. Overall, my research shows that remote work affects everyday life more than most people realise.","Research on remote work usually highlights a number of linked causes and consequences. The discussion below outlines the strongest of these and evaluates possible responses. One finding that stands out is that social isolation affects people who live alone. Consider how many remote staff say they miss casual conversations with colleagues. Related to this, reduced office costs let companies spend less on rent and utilities. The case is illustrated when several firms have downsized their headquarters since 2020. The data also suggest that blurred boundaries make it hard to switch off after hours. Practical evidence includes the fact that messages arriving in the evening encourage employees to keep working. A further point is that the lack of a commute saves time and reduces transport costs. Consider how workers in large cities often spend two hours travelling each day. Studies in this field often disagree on the exact size of each effect, which complicates comparison. Measurement challenges mean that some trends are easier to document than others. Differences between regions suggest that local conditions strongly influence outcomes. Long-term monitoring is required to confirm whether current trends will continue. Comparisons across countries reveal that similar problems can produce very different results. Based on this evidence, the most promising responses are regular in-person meetups, mental health support for staff and training managers to lead remote teams. Each option carries costs, yet the expected benefits appear to outweigh them over time. Ultimately, the evidence indicates that remote work cannot be understood or managed through isolated actions.","0","independent_disjoint_points"
"PAIR_062","Artificial Intelligence in Education","Research on artificial intelligence in education usually highlights a number of linked causes and consequences. The discussion below outlines the strongest of these and evaluates possible responses. One finding that stands out is that biased algorithms can treat some groups of students unfairly. Consider how automated screening tools have sometimes favoured certain backgrounds. Related to this, unequal access to technology may widen gaps between wealthy and poor students. The case is illustrated when pupils without home internet cannot use many smart platforms. The data also suggest that teacher training determines whether new tools are used well or wasted. Practical evidence includes the fact that schools that bought software without training often saw little benefit. A further point is that automated marking saves teachers hours of repetitive work. Consider how multiple-choice quizzes can now be graded instantly. Studies in this field often disagree on the exact size of each effect, which complicates comparison. Measurement challenges mean that some trends are easier to document than others. Differences between regions suggest that local conditions strongly influence outcomes. Long-term monitoring is required to confirm whether current trends will continue. Comparisons across countries reveal that similar problems can produce very different results. Based on this evidence, the most promising responses are strong data protection laws, assessments that value original thinking and clear rules on acceptable AI use. Each option carries costs, yet the expected benefits appear to outweigh them over time. Ultimately, the evidence indicates that artificial intelligence in education cannot be understood or managed through isolated actions.","Research on artificial intelligence in education usually highlights a number of linked causes and consequences. The discussion below outlines the strongest of these and evaluates possible responses. One finding that stands out is that biased algorithms can treat some groups of students unfairly. Practical evidence includes the fact that automated screening tools have sometimes favoured certain backgrounds. Related to this, unequal access to technology may widen gaps between wealthy and poor students. Consider how pupils without home internet cannot use many smart platforms. The data also suggest that teacher training determines whether new tools are used well or wasted. The case is illustrated when schools that bought software without training frequently saw little benefit. A further point is that automated marking saves teachers hours of repetitive work. Practical evidence includes the fact that multiple-choice quizzes can now be graded instantly. Studies in this field frequently disagree on the exact size of each effect, which complicates comparison. Measurement challenges mean that some trends are easier to document than others. Differences between regions suggest that local conditions strongly influence outcomes. Long-term monitoring is required to confirm whether current trends will continue. Comparisons across countries reveal that similar problems can produce very different results. Based on this evidence, the most promising responses are strong data protection laws, assessments that value original thinking and evident rules on acceptable AI use. Each option carries costs, yet the expected advantages appear to outweigh them over time. Ultimately, the evidence indicates that artificial intelligence in education cannot be understood or managed through isolated actions.","1","shared_content_light_rewrite"
"PAIR_063","Urbanization","Urbanization has become one of the most commonly debated issues of the modern era. This assignment examines several dimensions of urbanization and considers how each might be addressed. A central concern is that rapid migration to cities puts pressure on housing and services. This can be seen in the fact that informal settlements have grown around many large metropolitan areas. It is also clear that green spaces improve wellbeing and cool neighbourhoods. Evidence of this appears where small parks give residents a place to relax and exercise. Another important factor is that traffic congestion wastes time and increases air pollution. For example, commuters in serious cities lose hours each week in jams. Furthermore, pressure on water and sanitation affects health in crowded districts. This can be seen in the fact that some fast-growing cities cannot connect every home to clean supplies. A balanced analysis must recognise that social, economic and personal factors interact over time. No single policy or action can resolve every challenge in this area, so coordination is essential. Careful research and open public discussion remain necessary to guide sensible decisions. The scale of the issue means that delays in action are likely to increase the eventual costs. Public understanding of these questions is still uneven, which makes informed debate harder. To respond effectively, policymakers and individuals should consider affordable housing schemes, investment in water systems and long-term city planning. Taken together, these measures would lower the long-term risks and spread the benefits more fairly. In conclusion, urbanization demands sustained attention from institutions, communities and individuals alike.","Research on urbanization usually highlights a number of linked causes and consequences. The discussion below outlines the strongest of these and evaluates possible responses. One finding that stands out is that rapid migration to cities puts pressure on housing and services. Consider how informal settlements have grown around many large metropolitan areas. Related to this, green spaces improve wellbeing and cool neighbourhoods. The case is illustrated when small parks give residents a place to relax and exercise. The data also suggest that traffic congestion wastes time and increases air pollution. Practical evidence includes the fact that commuters in major cities lose hours each week in jams. A further point is that pressure on water and sanitation affects health in crowded districts. Consider how some fast-growing cities cannot connect every home to clean supplies. Studies in this field often disagree on the exact size of each effect, which complicates comparison. Measurement challenges mean that some trends are easier to document than others. Differences between regions suggest that local conditions strongly influence outcomes. Long-term monitoring is required to confirm whether current trends will continue. Comparisons across countries reveal that similar problems can produce very different results. Economic factors appear to interact with cultural attitudes in ways that are not yet fully understood. Based on this evidence, the most promising responses are affordable housing schemes, investment in water systems and long-term city planning. Each option carries costs, yet the expected benefits appear to outweigh them over time. Ultimately, the evidence indicates that urbanization cannot be understood or managed through isolated actions.","1","paraphrased_same_outline"
"PAIR_064","Space Exploration","Research on space exploration usually highlights a number of linked causes and consequences. The discussion below outlines the strongest of these and evaluates possible responses. One finding that stands out is that private companies have lowered launch costs through reusable rockets. Consider how recovered boosters now fly several missions. Related to this, international cooperation allows countries to share costs and expertise. The case is illustrated when the International Space Station is run by several partner nations. The data also suggest that inspiration encourages young people to study science. Practical evidence includes the fact that major launches attract huge audiences of students. A further point is that technology spin-offs bring benefits to daily life. Consider how medical imaging and water filters grew from space research. Studies in this field often disagree on the exact size of each effect, which complicates comparison. Measurement challenges mean that some trends are easier to document than others. Differences between regions suggest that local conditions strongly influence outcomes. Long-term monitoring is required to confirm whether current trends will continue. Comparisons across countries reveal that similar problems can produce very different results. Economic factors appear to interact with cultural attitudes in ways that are not yet fully understood. Based on this evidence, the most promising responses are science education programmes, public funding for basic research and clear rules on debris removal. Each option carries costs, yet the expected benefits appear to outweigh them over time. Ultimately, the evidence indicates that space exploration cannot be understood or managed through isolated actions.","When I began researching space exploration, I was surprised by how many different angles there are. In this assignment I describe the main problems I found and some realistic ways forward. First of all, scientific discovery expands knowledge of planets and the universe. To give one example, rovers on Mars have studied rocks for signs of ancient water. Another thing I noticed is that satellite technology supports navigation, weather forecasting and communication. You can see this when GPS and mobile networks depend on orbiting spacecraft. It is also worth mentioning that space debris threatens working satellites and future missions. A good illustration is that thousands of fragments circle the Earth at high speed. Then there is the fact that high mission costs raise questions about public spending priorities. To give one example, a single launch can cost many millions of dollars. Before this project I had not really thought about how closely these things are connected. Talking to friends and family about it also showed me that people hold very different opinions. I think it is easy to ignore the topic because the effects often appear slowly. Looking at several sources made me realise that the picture is more complicated than headlines suggest. From what I read, the most practical steps would be public funding for basic research, clear rules on debris removal and shared international missions. I believe these ideas are achievable if people are willing to cooperate and think about the long term. Overall, my research shows that space exploration affects everyday life more than most people realise.","0","independent_disjoint_points"
"PAIR_065","Online Learning","Online learning has become one of the most widely debated issues of the modern era. This assignment examines several dimensions of online learning and considers how each might be addressed. A central concern is that digital skills are improved through regular platform use. For example, students gradually learn to collaborate through shared documents. It is also clear that practical subjects are hard to teach through a screen. This can be seen in the fact that science laboratories and workshops need physical equipment. Another significant factor is that reduced interaction can leave students feeling disconnected. Evidence of this appears where discussion forums rarely match face-to-face debate. Furthermore, lower costs make education available to more people. For example, many universities offer free introductory modules. A balanced analysis must recognise that social, economic and personal factors interact over time. No single policy or action can resolve every challenge in this area, so coordination is essential. Careful research and open public discussion remain necessary to guide sensible decisions. The scale of the issue means that delays in action are likely to increase the eventual costs. Public understanding of these questions is still uneven, which makes informed debate harder. Responsibility is shared between governments, businesses and ordinary citizens in different ways. To respond effectively, policymakers and individuals should consider study skills support, interactive live sessions and clear feedback from tutors. Taken together, these measures would lower the long-term risks and spread the benefits more fairly. In conclusion, online learning demands sustained attention from institutions, communities and individuals alike.","Online learning has become one of the most commonly debated issues of the modern era. This assignment examines multiple dimensions of online learning and considers how each might be addressed. A central concern is that digital skills are improved through regular platform use. Evidence of this appears where students gradually learn to collaborate through shared documents. It is also evident that realistic subjects are hard to teach through a screen. For example, science laboratories and workshops need physical equipment. Another important factor is that reduced interaction can leave students feeling disconnected. This can be seen in the fact that discussion forums rarely match face-to-face debate. Furthermore, lower costs make education available to more people. Evidence of this appears where many universities offer free introductory modules. A balanced analysis must recognise that social, economic and personal factors interact over time. No single policy or action can resolve every challenge in this area, so coordination is vital. Careful research and open public discussion remain required to guide sensible decisions. The scale of the issue means that delays in action are expected to increase the eventual costs. Public understanding of these questions is still uneven, which makes informed debate harder. Responsibility is shared between governments, businesses and ordinary citizens in different ways. To respond effectively, policymakers and individuals should consider study skills support, interactive live sessions and clear feedback from tutors. Taken together, these measures would lower the long-term risks and spread the advantages more fairly. In conclusion, online learning demands continued attention from institutions, communities and individuals alike.","1","shared_content_light_rewrite"
"PAIR_066","Gender Equality at Work","When I started researching gender equality at work, I was surprised by how numerous different angles there are. In this assignment I describe the main problems I found and some realistic ways forward. First of all, leadership representation remains low in many industries. A good illustration is that only a small share of large companies are led by women. Another thing I noticed is that unconscious bias influences hiring and promotion decisions. To give one example, identical applications can be judged differently depending on the name. It is also worth mentioning that mentoring schemes open doors for younger women. You can see this when senior managers who sponsor junior staff assist them progress. Then there is the fact that the pay gap means women often earn less for similar roles. A good illustration is that reports across numerous countries show persistent differences in average pay. Before this project I had not really thought about how closely these things are connected. Talking to friends and family about it also showed me that people hold very different opinions. I think it is easy to ignore the topic because the effects frequently appear slowly. Looking at multiple sources made me realise that the picture is more complicated than headlines suggest. From what I read, the most practical steps would be bias training for managers, equal parental leave and transparent pay reporting. I think these ideas are achievable if people are willing to cooperate and think about the long term. Overall, my research demonstrates that gender equality at work influences everyday life more than most people realise.","When I began researching gender equality at work, I was surprised by how many different angles there are. In this assignment I describe the main problems I found and some realistic ways forward. First of all, leadership representation remains low in many industries. A good illustration is that only a small share of large companies are led by women. Another thing I noticed is that unconscious bias affects hiring and promotion decisions. To give one example, identical applications can be judged differently depending on the name. It is also worth mentioning that mentoring schemes open doors for younger women. You can see this when senior managers who sponsor junior staff help them progress. Then there is the fact that the pay gap means women often earn less for similar roles. A good illustration is that reports across many countries show persistent differences in average pay. Before this project I had not really thought about how closely these things are connected. Talking to friends and family about it also showed me that people hold very different opinions. I think it is easy to ignore the topic because the effects often appear slowly. Looking at several sources made me realise that the picture is more complicated than headlines suggest. From what I read, the most practical steps would be bias training for managers, equal parental leave and transparent pay reporting. I believe these ideas are achievable if people are willing to cooperate and think about the long term. Overall, my research shows that gender equality at work affects everyday life more than most people realise.","1","near_duplicate_copy"
"PAIR_067","Public Transportation","Public transportation has become one of the most widely debated issues of the modern era. This assignment examines several dimensions of public transportation and considers how each might be addressed. A central concern is that fewer private cars reduce congestion and exhaust fumes. For example, cities with strong metro networks usually have cleaner air. It is also clear that limited coverage leaves suburbs poorly connected. This can be seen in the fact that residents of outer districts may need several transfers. Another significant factor is that high infrastructure costs slow the building of new lines. Evidence of this appears where metro projects often take a decade to complete. Furthermore, electric buses cut emissions on busy routes. For example, several cities have replaced diesel fleets with battery models. A balanced analysis must recognise that social, economic and personal factors interact over time. No single policy or action can resolve every challenge in this area, so coordination is essential. Careful research and open public discussion remain necessary to guide sensible decisions. The scale of the issue means that delays in action are likely to increase the eventual costs. Public understanding of these questions is still uneven, which makes informed debate harder. Responsibility is shared between governments, businesses and ordinary citizens in different ways. To respond effectively, policymakers and individuals should consider dedicated bus lanes, safer stations and stops and more frequent services. Taken together, these measures would lower the long-term risks and spread the benefits more fairly. In conclusion, public transportation demands sustained attention from institutions, communities and individuals alike.","When I began researching public transportation, I was surprised by how many different angles there are. In this assignment I describe the main problems I found and some realistic ways forward. First of all, affordable fares give low-income residents access to jobs. To give one example, monthly passes often cost far less than owning a car. Another thing I noticed is that unreliable services push commuters back into their cars. You can see this when frequent delays make timetables hard to trust. It is also worth mentioning that safety concerns discourage some passengers, especially at night. A good illustration is that poor lighting at stations makes many people uneasy. Then there is the fact that integrated ticketing makes journeys simpler. To give one example, a single card can pay for trains, buses and trams. Before this project I had not really thought about how closely these things are connected. Talking to friends and family about it also showed me that people hold very different opinions. I think it is easy to ignore the topic because the effects often appear slowly. Looking at several sources made me realise that the picture is more complicated than headlines suggest. From what I read, the most practical steps would be integrated tickets across modes, investment in electric fleets and dedicated bus lanes. I believe these ideas are achievable if people are willing to cooperate and think about the long term. Overall, my research shows that public transportation affects everyday life more than most people realise.","0","independent_disjoint_points"
"PAIR_068","Cryptocurrency","We can no longer treat cryptocurrency as a distant problem that someone else will solve. The following pages argue that practical action is both possible and urgent. Consider first that blockchain technology offers secure and transparent record keeping. The proof is clear when some companies use it to track goods through supply chains. Just as troubling, scams and fraud cost inexperienced investors large sums. Look at what happens when fake investment schemes promise guaranteed returns. We should also remember that illegal activity has used the relative anonymity of some coins. Real life confirms this, since authorities have traced several ransom payments. Even more striking, price volatility makes digital coins a risky store of value. The proof is clear when values have fallen by half within a few weeks. Some people argue that change is too expensive, but doing nothing carries a much higher price. Every community has a role to play, from local groups to national leaders. Small decisions made by ordinary people add up to real change when they are shared widely. Excuses and delays have already cost us valuable time that we cannot recover. It is easy to feel powerless, but history shows that determined communities can shift public opinion. Leaders who ignore this reality will eventually be forced to respond to growing public pressure. The way forward lies in clear regulation of exchanges, consumer protection rules and energy-efficient validation methods. If we commit to these steps now, the next generation will inherit a far better situation. The choice is ours, and cryptocurrency will only improve if we act with determination.","When I began researching cryptocurrency, I was surprised by how many different angles there are. In this assignment I describe the main problems I found and some realistic ways forward. First of all, illegal activity has used the relative anonymity of some coins. A good illustration is that authorities have traced several ransom payments. Another thing I noticed is that decentralisation removes the need for banks in some transactions. To give one example, users can send funds directly to each other. It is also worth mentioning that limited regulation leaves buyers with little protection. You can see this when exchanges have collapsed with customer funds. Then there is the fact that cross-border payments can be cheaper and faster than banks. A good illustration is that migrant workers sometimes send money home using digital tokens. Before this project I had not really thought about how closely these things are connected. Talking to friends and family about it also showed me that people hold very different opinions. I think it is easy to ignore the topic because the effects often appear slowly. Looking at several sources made me realise that the picture is more complicated than headlines suggest. I also noticed that most articles describe only one side, so I tried to compare different viewpoints. From what I read, the most practical steps would be cooperation between national regulators, energy-efficient validation methods and investor education. I believe these ideas are achievable if people are willing to cooperate and think about the long term. Overall, my research shows that cryptocurrency affects everyday life more than most people realise.","0","independent_one_common_point"
"PAIR_069","Nutrition and Obesity","When I started researching nutrition and obesity, I was surprised by how numerous different angles there are. In this assignment I describe the main problems I found and some realistic ways forward. First of all, sedentary lifestyles lower the calories people burn each day. A good illustration is that office work and long hours of screen time limit movement. Another thing I noticed is that school meals shape eating habits from an early age. To give one example, programmes with fresh ingredients have improved pupils' diets. It is also worth mentioning that food marketing influences the choices of children. You can see this when cartoon characters are commonly used to promote sugary cereals. Then there is the fact that healthy food prices put fresh produce out of reach for some families. A good illustration is that fruit and vegetables can cost more per calorie than fast food. Before this project I had not really thought about how closely these things are connected. Talking to friends and family about it also showed me that people hold very different opinions. I think it is easy to ignore the topic because the effects frequently appear slowly. Looking at multiple sources made me realise that the picture is more complicated than headlines suggest. From what I read, the most realistic steps would be sugar taxes, safe spaces for exercise and restrictions on marketing to children. I believe these ideas are achievable if people are willing to cooperate and think about the long term. Overall, my research demonstrates that nutrition and obesity affects everyday life more than most people realise.","When I began researching nutrition and obesity, I was surprised by how many different angles there are. In this assignment I describe the main problems I found and some realistic ways forward. First of all, healthy food prices put fresh produce out of reach for some families. A good illustration is that fruit and vegetables can cost more per calorie than fast food. Another thing I noticed is that sedentary lifestyles reduce the calories people burn each day. To give one example, office work and long hours of screen time limit movement. It is also worth mentioning that food marketing influences the choices of children. You can see this when cartoon characters are widely used to promote sugary cereals. Then there is the fact that school meals shape eating habits from an early age. A good illustration is that programmes with fresh ingredients have improved pupils' diets. Before this project I had not really thought about how closely these things are connected. Talking to friends and family about it also showed me that people hold very different opinions. I think it is easy to ignore the topic because the effects often appear slowly. Looking at several sources made me realise that the picture is more complicated than headlines suggest. From what I read, the most practical steps would be sugar taxes, safe spaces for exercise and restrictions on marketing to children. I believe these ideas are achievable if people are willing to cooperate and think about the long term. Overall, my research shows that nutrition and obesity affects everyday life more than most people realise.","1","reordered_copy"
"PAIR_070","Urbanization","We can no longer treat urbanization as a distant problem that someone else will solve. The following pages argue that practical action is both possible and urgent. Consider first that green spaces improve wellbeing and cool neighbourhoods. The proof is clear when small parks give residents a place to relax and exercise. Just as troubling, traffic congestion wastes time and increases air pollution. Look at what happens when commuters in major cities lose hours each week in jams. We should also remember that pressure on water and sanitation affects health in crowded districts. Real life confirms this, since some fast-growing cities cannot connect every home to clean supplies. Even more striking, rising rents push low-income families to the outskirts. The proof is clear when key workers often live far from the neighbourhoods they serve. Some people argue that change is too expensive, but doing nothing carries a much higher price. Every community has a role to play, from local groups to national leaders. Small decisions made by ordinary people add up to real change when they are shared widely. Excuses and delays have already cost us valuable time that we cannot recover. It is easy to feel powerless, but history shows that determined communities can shift public opinion. The way forward lies in efficient public transport, more urban parks and trees and affordable housing schemes. If we commit to these steps now, the next generation will inherit a far better situation. The choice is ours, and urbanization will only improve if we act with determination.","Urbanization has become one of the most widely debated issues of the modern era. This assignment examines several dimensions of urbanization and considers how each might be addressed. A central concern is that strained public services slow down schools and hospitals. This can be seen in the fact that clinics in dense districts often have long queues. It is also clear that economic opportunity attracts people looking for better jobs. Evidence of this appears where cities generate a large share of national income. Another significant factor is that rapid migration to cities puts pressure on housing and services. For example, informal settlements have grown around many large metropolitan areas. Furthermore, urban heat makes cities hotter than surrounding countryside. This can be seen in the fact that concrete and asphalt store heat through the night. A balanced analysis must recognise that social, economic and personal factors interact over time. No single policy or action can resolve every challenge in this area, so coordination is essential. Careful research and open public discussion remain necessary to guide sensible decisions. The scale of the issue means that delays in action are likely to increase the eventual costs. Public understanding of these questions is still uneven, which makes informed debate harder. To respond effectively, policymakers and individuals should consider more urban parks and trees, investment in water systems and long-term city planning. Taken together, these measures would lower the long-term risks and spread the benefits more fairly. In conclusion, urbanization demands sustained attention from institutions, communities and individuals alike.","0","independent_disjoint_points_distinct_solutions"
"PAIR_071","Climate Change","Research on climate change usually highlights a number of linked causes and consequences. The discussion below outlines the strongest of these and evaluates possible responses. One finding that stands out is that rising sea levels threaten coastal cities and low-lying farmland. The case is illustrated when small island nations such as the Maldives already plan for the loss of habitable land. Related to this, ocean warming damages coral reefs and local fishing industries. Practical evidence includes the fact that large coral bleaching events have affected reefs along the Australian coast. The data also suggest that the burning of fossil fuels releases most of the carbon dioxide that traps heat. Consider how coal and oil remain major sources of electricity and transport energy worldwide. A further point is that shifting rainfall patterns disrupt planting seasons and crop yields. The case is illustrated when farmers in many regions report that monsoon timing has become unpredictable. Studies in this field frequently disagree on the exact size of each effect, which complicates comparison. Measurement challenges mean that some trends are easier to document than others. Differences between regions suggest that local conditions strongly influence outcomes. Long-term monitoring is required to confirm whether current trends will continue. Based on this evidence, the most promising responses are stronger carbon pricing, protection of existing forests and investment in clean energy. Each option carries costs, yet the expected benefits appear to outweigh them over time. Ultimately, the evidence indicates that climate change cannot be understood or managed through isolated actions.","We can no longer treat climate change as a distant problem that someone else will solve. The following pages argue that practical action is both possible and urgent. Consider first that rising sea levels threaten coastal cities and low-lying farmland. The proof is clear when small island nations such as the Maldives already plan for the loss of habitable land. Just as troubling, ocean warming damages coral reefs and local fishing industries. Look at what happens when large coral bleaching events have affected reefs along the Australian coast. We should also remember that the burning of fossil fuels releases most of the carbon dioxide that traps heat. Real life confirms this, since coal and oil remain major sources of electricity and transport energy worldwide. Even more striking, shifting rainfall patterns disrupt planting seasons and crop yields. The proof is clear when farmers in many regions report that monsoon timing has become unpredictable. Some people argue that change is too expensive, but doing nothing carries a much higher price. Every community has a role to play, from local groups to national leaders. Small decisions made by ordinary people add up to real change when they are shared widely. Excuses and delays have already cost us valuable time that we cannot recover. The way forward lies in stronger carbon pricing, protection of existing forests and investment in clean energy. If we commit to these steps now, the next generation will inherit a far better situation. The choice is ours, and climate change will only improve if we act with determination.","1","paraphrased_same_outline"
"PAIR_072","Urbanization","Urbanization has become one of the most widely debated issues of the modern era. This assignment examines several dimensions of urbanization and considers how each might be addressed. A central concern is that rising rents push low-income families to the outskirts. For example, key workers often live far from the neighbourhoods they serve. It is also clear that green spaces improve wellbeing and cool neighbourhoods. This can be seen in the fact that small parks give residents a place to relax and exercise. Another significant factor is that pressure on water and sanitation affects health in crowded districts. Evidence of this appears where some fast-growing cities cannot connect every home to clean supplies. Furthermore, urban heat makes cities hotter than surrounding countryside. For example, concrete and asphalt store heat through the night. A balanced analysis must recognise that social, economic and personal factors interact over time. No single policy or action can resolve every challenge in this area, so coordination is essential. Careful research and open public discussion remain necessary to guide sensible decisions. The scale of the issue means that delays in action are likely to increase the eventual costs. Public understanding of these questions is still uneven, which makes informed debate harder. To respond effectively, policymakers and individuals should consider efficient public transport, affordable housing schemes and more urban parks and trees. Taken together, these measures would lower the long-term risks and spread the benefits more fairly. In conclusion, urbanization demands sustained attention from institutions, communities and individuals alike.","Urbanization has become one of the most commonly discussed issues of the modern era. This assignment examines several dimensions of urbanization and considers how each might be addressed. A central concern is that rising rents push low-income families to the outskirts. For example, main workers often live far from the neighbourhoods they serve. It is also clear that green spaces improve wellbeing and cool neighbourhoods. This can be seen in the fact that minor parks give residents a place to relax and exercise. Another significant factor is that pressure on water and sanitation influences health in crowded districts. Evidence of this appears where some fast-growing cities cannot connect every home to clean supplies. Furthermore, urban heat makes cities hotter than surrounding countryside. For example, concrete and asphalt store heat through the night. A balanced analysis must recognise that social, economic and personal factors interact over time. No single policy or action can resolve every challenge in this area, so coordination is vital. Careful research and open public discussion remain required to guide sensible decisions. The scale of the issue means that delays in action are expected to increase the eventual costs. Public understanding of these questions is still uneven, which makes informed debate harder. To respond effectively, policymakers and individuals should consider efficient public transport, affordable housing schemes and more urban parks and trees. Taken together, these measures would lower the long-term risks and spread the benefits more fairly. In conclusion, urbanization demands continued attention from institutions, communities and individuals alike.","1","near_duplicate_copy"
"PAIR_073","Electric Vehicles","We can no longer treat electric vehicles as a distant problem that someone else will solve. The following pages argue that practical action is both possible and urgent. Consider first that battery production requires mining of lithium, cobalt and nickel. The proof is clear when extraction has raised concerns about local water and labour conditions. Just as troubling, electricity sources decide how clean an electric car really is. Look at what happens when vehicles charged from coal power have a smaller benefit. We should also remember that battery recycling can recover valuable materials. Real life confirms this, since new plants reclaim metals from used packs. Even more striking, high purchase prices put new models out of reach for many buyers. The proof is clear when batteries remain the most expensive part of the car. Some people argue that change is too expensive, but doing nothing carries a much higher price. Every community has a role to play, from local groups to national leaders. Small decisions made by ordinary people add up to real change when they are shared widely. Excuses and delays have already cost us valuable time that we cannot recover. It is easy to feel powerless, but history shows that determined communities can shift public opinion. The way forward lies in cleaner electricity grids, purchase incentives for lower-income buyers and cheaper batteries. If we commit to these steps now, the next generation will inherit a far better situation. The choice is ours, and electric vehicles will only improve if we act with determination.","When I began researching electric vehicles, I was surprised by how many different angles there are. In this assignment I describe the main problems I found and some realistic ways forward. First of all, lower running costs reduce fuel and maintenance spending. A good illustration is that electric motors have far fewer moving parts than engines. Another thing I noticed is that zero tailpipe emissions improve air quality in busy cities. To give one example, electric buses make streets noticeably quieter and cleaner. It is also worth mentioning that charging infrastructure determines whether drivers feel confident switching. You can see this when motorists worry about finding a working charger on long trips. Then there is the fact that government incentives speed up adoption. A good illustration is that Norway offers tax benefits that helped electric cars dominate sales. Before this project I had not really thought about how closely these things are connected. Talking to friends and family about it also showed me that people hold very different opinions. I think it is easy to ignore the topic because the effects often appear slowly. Looking at several sources made me realise that the picture is more complicated than headlines suggest. From what I read, the most practical steps would be purchase incentives for lower-income buyers, more public chargers and recycling of used batteries. I believe these ideas are achievable if people are willing to cooperate and think about the long term. Overall, my research shows that electric vehicles affects everyday life more than most people realise.","0","independent_disjoint_points"
"PAIR_074","Urbanization","Research on urbanization usually highlights a number of linked causes and consequences. The discussion below outlines the strongest of these and evaluates possible responses. One finding that stands out is that rapid migration to cities puts pressure on housing and services. Consider how informal settlements have grown around many large metropolitan areas. Related to this, pressure on water and sanitation affects health in crowded districts. The case is illustrated when some fast-growing cities cannot connect every home to clean supplies. The data also suggest that urban heat makes cities hotter than surrounding countryside. Practical evidence includes the fact that concrete and asphalt store heat through the night. A further point is that rising rents push low-income families to the outskirts. Consider how key workers often live far from the neighbourhoods they serve. Studies in this field often disagree on the exact size of each effect, which complicates comparison. Measurement challenges mean that some trends are easier to document than others. Differences between regions suggest that local conditions strongly influence outcomes. Long-term monitoring is required to confirm whether current trends will continue. Comparisons across countries reveal that similar problems can produce very different results. Economic factors appear to interact with cultural attitudes in ways that are not yet fully understood. Based on this evidence, the most promising responses are efficient public transport, affordable housing schemes and investment in water systems. Each option carries costs, yet the expected benefits appear to outweigh them over time. Ultimately, the evidence indicates that urbanization cannot be understood or managed through isolated actions.","When I began researching urbanization, I was surprised by how many different angles there are. In this assignment I describe the main problems I found and some realistic ways forward. First of all, traffic congestion wastes time and increases air pollution. A good illustration is that commuters in major cities lose hours each week in jams. Another thing I noticed is that green spaces improve wellbeing and cool neighbourhoods. To give one example, small parks give residents a place to relax and exercise. It is also worth mentioning that economic opportunity attracts people looking for better jobs. You can see this when cities generate a large share of national income. Then there is the fact that strained public services slow down schools and hospitals. A good illustration is that clinics in dense districts often have long queues. Before this project I had not really thought about how closely these things are connected. Talking to friends and family about it also showed me that people hold very different opinions. I think it is easy to ignore the topic because the effects often appear slowly. Looking at several sources made me realise that the picture is more complicated than headlines suggest. From what I read, the most practical steps would be efficient public transport, more urban parks and trees and affordable housing schemes. I believe these ideas are achievable if people are willing to cooperate and think about the long term. Overall, my research shows that urbanization affects everyday life more than most people realise.","0","independent_disjoint_points"
"PAIR_075","Plastic Pollution","When I began researching plastic pollution, I was surprised by how many different angles there are. In this assignment I describe the main problems I found and some realistic ways forward. First of all, consumer habits decide how much plastic reaches the market. To give one example, supermarkets report strong demand for pre-packed fruit. Another thing I noticed is that waste exports move the problem to poorer countries. You can see this when several nations have refused shipments of mixed plastic waste. It is also worth mentioning that fishing gear left at sea continues to trap wildlife for years. A good illustration is that abandoned nets make up a large share of ocean plastic. Then there is the fact that cheap production makes plastic more attractive than alternatives. To give one example, new bottles are often cheaper than recycled material. Before this project I had not really thought about how closely these things are connected. Talking to friends and family about it also showed me that people hold very different opinions. I think it is easy to ignore the topic because the effects often appear slowly. Looking at several sources made me realise that the picture is more complicated than headlines suggest. From what I read, the most practical steps would be better collection infrastructure, producer responsibility schemes and public awareness campaigns. I believe these ideas are achievable if people are willing to cooperate and think about the long term. Overall, my research shows that plastic pollution affects everyday life more than most people realise.","Research on plastic pollution usually highlights a number of linked causes and consequences. The discussion below outlines the strongest of these and evaluates possible responses. One finding that stands out is that low recycling rates mean most plastic ends up in landfill or the environment. Consider how only a small fraction of plastic ever produced has been recycled. Related to this, ocean debris harms marine animals that mistake it for food. The case is illustrated when turtles and seabirds are regularly found with plastic in their stomachs. The data also suggest that single-use packaging produces enormous amounts of waste every day. Practical evidence includes the fact that food containers and bags are often used for only a few minutes. A further point is that microplastics enter food chains and drinking water. Consider how tiny fragments have been found in fish, salt and bottled water. Studies in this field often disagree on the exact size of each effect, which complicates comparison. Measurement challenges mean that some trends are easier to document than others. Differences between regions suggest that local conditions strongly influence outcomes. Long-term monitoring is required to confirm whether current trends will continue. Comparisons across countries reveal that similar problems can produce very different results. Based on this evidence, the most promising responses are bans on avoidable single-use items, producer responsibility schemes and refill and reuse systems. Each option carries costs, yet the expected benefits appear to outweigh them over time. Ultimately, the evidence indicates that plastic pollution cannot be understood or managed through isolated actions.","0","independent_disjoint_points_distinct_solutions"
"PAIR_076","Social Media and Teenagers","We can no longer treat social media and teenagers as a distant problem that someone else will solve. The following pages argue that practical action is both possible and urgent. Consider first that the spread of rumours damages reputations before facts can be checked. The proof is clear when false stories about classmates have circulated widely on school networks. Just as troubling, algorithm-driven feeds keep users engaged for far longer than they intend. Look at what happens when short video apps can easily consume several hours of an evening. We should also remember that constant comparison with edited photos lowers self-esteem among young users. Real life confirms this, since many teenagers say they feel pressure to look perfect online. Even more striking, late-night scrolling cuts into sleep and harms school performance. The proof is clear when students often admit to checking their phones after midnight. Some people argue that change is too expensive, but doing nothing carries a much higher price. Every community has a role to play, from local groups to national leaders. Small decisions made by ordinary people add up to real change when they are shared widely. Excuses and delays have already cost us valuable time that we cannot recover. The way forward lies in digital literacy lessons in schools, open family conversations about online life and age-appropriate privacy settings. If we commit to these steps now, the next generation will inherit a far better situation. The choice is ours, and social media and teenagers will only improve if we act with determination.","Research on social media and teenagers usually highlights a number of linked causes and consequences. The discussion below outlines the strongest of these and evaluates possible responses. One finding that stands out is that cyberbullying follows victims home and is hard to escape. Consider how hurtful messages can spread through group chats within minutes. Related to this, the spread of rumours damages reputations before facts can be checked. The case is illustrated when false stories about classmates have circulated widely on school networks. The data also suggest that influencer marketing blurs the line between advice and advertising. Practical evidence includes the fact that teenagers frequently copy products promoted by creators they admire. A further point is that fear of missing out creates anxiety about being left out of social events. Consider how notifications from friends' parties can leave others feeling excluded. Studies in this field often disagree on the exact size of each effect, which complicates comparison. Measurement challenges mean that some trends are easier to document than others. Differences between regions suggest that local conditions strongly influence outcomes. Long-term monitoring is required to confirm whether current trends will continue. Comparisons across countries reveal that similar problems can produce very different results. Based on this evidence, the most promising responses are clear screen-time limits at home, age-appropriate privacy settings and stronger reporting tools on platforms. Each option carries costs, yet the expected benefits appear to outweigh them over time. Ultimately, the evidence indicates that social media and teenagers cannot be understood or managed through isolated actions.","0","independent_one_common_point"
"PAIR_077","E-commerce","We can no longer treat e-commerce as a distant problem that someone else will solve. The following pages argue that practical action is both possible and urgent. Consider first that high return rates create waste and extra costs. The proof is clear when clothing bought online is frequently sent back. Just as troubling, online marketplaces give small sellers access to national customers. Look at what happens when craft makers can sell directly without opening a shop. We should also remember that warehouse work can involve demanding targets and low pay. Real life confirms this, since workers report strict timing of every task. Even more striking, digital payments make buying quick and convenient. The proof is clear when one-click checkout reduces the effort of purchasing. Some people argue that change is too expensive, but doing nothing carries a much higher price. Every community has a role to play, from local groups to national leaders. Small decisions made by ordinary people add up to real change when they are shared widely. Excuses and delays have already cost us valuable time that we cannot recover. It is easy to feel powerless, but history shows that determined communities can shift public opinion. Leaders who ignore this reality will eventually be forced to respond to growing public pressure. The way forward lies in support for local shops, secure payment standards and greener delivery options. If we commit to these steps now, the next generation will inherit a far better situation. The choice is ours, and e-commerce will only improve if we act with determination.","We can no longer treat e-commerce as a distant problem that someone else will solve. The following pages argue that realistic action is both possible and urgent. Consider first that high return rates create waste and extra costs. The proof is clear when clothing bought online is frequently sent back. Just as troubling, online marketplaces give minor sellers access to national customers. Look at what happens when craft makers can sell directly without opening a shop. We should also remember that warehouse work can involve demanding targets and low pay. Real life confirms this, since workers report strict timing of every task. Even more striking, digital payments make buying quick and convenient. The proof is evident when one-click checkout lowers the effort of purchasing. Some people argue that change is too expensive, but doing nothing carries a much higher price. Every community has a role to play, from local groups to national leaders. Minor decisions made by ordinary people add up to real change when they are shared widely. Excuses and delays have already cost us valuable time that we cannot recover. It is easy to feel powerless, but history demonstrates that determined communities can shift public opinion. Leaders who ignore this reality will eventually be forced to respond to growing public pressure. The way forward lies in support for local shops, secure payment standards and greener delivery options. If we commit to these steps now, the next generation will inherit a far better situation. The choice is ours, and e-commerce will only improve if we act with determination.","1","near_duplicate_copy"
"PAIR_078","Remote Work","When I began researching remote work, I was surprised by how many different angles there are. In this assignment I describe the main problems I found and some realistic ways forward. First of all, blurred boundaries make it hard to switch off after hours. You can see this when messages arriving in the evening encourage employees to keep working. Another thing I noticed is that the lack of a commute saves time and reduces transport costs. A good illustration is that workers in large cities often spend two hours travelling each day. It is also worth mentioning that flexible schedules help employees balance work and family life. To give one example, parents can attend school events without taking leave. Then there is the fact that social isolation affects people who live alone. You can see this when many remote staff say they miss casual conversations with colleagues. Before this project I had not really thought about how closely these things are connected. Talking to friends and family about it also showed me that people hold very different opinions. I think it is easy to ignore the topic because the effects often appear slowly. From what I read, the most practical steps would be training managers to lead remote teams, mental health support for staff and regular in-person meetups. I believe these ideas are achievable if people are willing to cooperate and think about the long term. Overall, my research shows that remote work affects everyday life more than most people realise.","We can no longer treat remote work as a distant problem that someone else will solve. The following pages argue that practical action is both possible and urgent. Consider first that reduced office costs let companies spend less on rent and utilities. The proof is clear when several firms have downsized their headquarters since 2020. Just as troubling, wider hiring pools allow companies to recruit talent from anywhere. Look at what happens when start-ups now employ developers spread across several continents. We should also remember that collaboration tools keep teams connected across time zones. Real life confirms this, since video meetings and shared documents replaced many office routines. Even more striking, unequal home conditions make productivity depend on personal circumstances. The proof is clear when some employees work from a kitchen table in a shared flat. Some people argue that change is too expensive, but doing nothing carries a much higher price. Every community has a role to play, from local groups to national leaders. Small decisions made by ordinary people add up to real change when they are shared widely. Excuses and delays have already cost us valuable time that we cannot recover. It is easy to feel powerless, but history shows that determined communities can shift public opinion. The way forward lies in regular in-person meetups, clear working-hour policies and allowances for home office equipment. If we commit to these steps now, the next generation will inherit a far better situation. The choice is ours, and remote work will only improve if we act with determination.","0","independent_disjoint_points_distinct_solutions"
"PAIR_079","Online Learning","We can no longer treat online learning as a distant problem that someone else will solve. The following pages argue that practical action is both possible and urgent. Consider first that self-discipline becomes essential without a fixed classroom routine. The proof is clear when many learners fall behind when deadlines feel distant. Just as troubling, practical subjects are hard to teach through a screen. Look at what happens when science laboratories and workshops need physical equipment. We should also remember that recorded lectures let students revise difficult topics. Real life confirms this, since learners can pause and replay complex explanations. Even more striking, lower costs make education available to more people. The proof is clear when many universities offer free introductory modules. Some people argue that change is too expensive, but doing nothing carries a much higher price. Every community has a role to play, from local groups to national leaders. Small decisions made by ordinary people add up to real change when they are shared widely. Excuses and delays have already cost us valuable time that we cannot recover. It is easy to feel powerless, but history shows that determined communities can shift public opinion. Leaders who ignore this reality will eventually be forced to respond to growing public pressure. The way forward lies in interactive live sessions, study skills support and reliable internet access for all. If we commit to these steps now, the next generation will inherit a far better situation. The choice is ours, and online learning will only improve if we act with determination.","Research on online learning usually highlights a number of linked causes and consequences. The discussion below outlines the strongest of these and evaluates possible responses. One finding that stands out is that reduced interaction can leave students feeling disconnected. Practical evidence includes the fact that discussion forums rarely match face-to-face debate. Related to this, flexible timetables allow learners to study around work and family. Consider how adults can complete courses in the evening. The data also suggest that digital skills are improved through regular platform use. The case is illustrated when students gradually learn to collaborate through shared documents. A further point is that unreliable internet prevents some learners from joining lessons. Practical evidence includes the fact that students in rural areas often lose connection mid-class. Studies in this field often disagree on the exact size of each effect, which complicates comparison. Measurement challenges mean that some trends are easier to document than others. Differences between regions suggest that local conditions strongly influence outcomes. Long-term monitoring is required to confirm whether current trends will continue. Comparisons across countries reveal that similar problems can produce very different results. Economic factors appear to interact with cultural attitudes in ways that are not yet fully understood. Based on this evidence, the most promising responses are interactive live sessions, clear feedback from tutors and blended courses with practical sessions. Each option carries costs, yet the expected benefits appear to outweigh them over time. Ultimately, the evidence indicates that online learning cannot be understood or managed through isolated actions.","0","independent_disjoint_points_distinct_solutions"
"PAIR_080","Renewable Energy","We can no longer treat renewable energy as a distant problem that someone else will solve. The following pages argue that practical action is both possible and urgent. Consider first that wind farms generate large amounts of electricity without direct emissions. Look at what happens when offshore turbines in the North Sea power millions of homes. Just as troubling, outdated electricity grids struggle to carry power from remote generation sites. Real life confirms this, since projects in rural areas sometimes wait years for a grid connection. We should also remember that intermittent supply makes it difficult to match generation with demand. The proof is clear when solar output drops sharply in the evening when households use the most power. Even more striking, solar power has become cheaper than many fossil fuel sources. Look at what happens when rooftop panels now supply a growing share of household electricity in India. Some people argue that change is too expensive, but doing nothing carries a much higher price. Every community has a role to play, from local groups to national leaders. Small decisions made by ordinary people add up to real change when they are shared widely. Excuses and delays have already cost us valuable time that we cannot recover. The way forward lies in community-owned solar projects, affordable storage technology and upgraded transmission networks. If we commit to these steps now, the next generation will inherit a far better situation. The choice is ours, and renewable energy will only improve if we act with determination.","Renewable energy has become one of the most widely debated issues of the modern era. This assignment examines several dimensions of renewable energy and considers how each might be addressed. A central concern is that hydropower provides steady electricity but alters river ecosystems. For example, big dams have displaced communities in several countries. It is also clear that green jobs offer new work to people leaving traditional energy industries. This can be seen in the fact that installation and maintenance of turbines employ thousands of technicians. Another significant factor is that battery storage allows surplus energy to be saved for later use. Evidence of this appears where large grid batteries are now installed beside new solar plants. Furthermore, government subsidies encourage households and companies to switch. For example, feed-in tariffs helped Germany expand its solar capacity quickly. A balanced analysis must recognise that social, economic and personal factors interact over time. No single policy or action can resolve every challenge in this area, so coordination is essential. Careful research and open public discussion remain necessary to guide sensible decisions. The scale of the issue means that delays in action are likely to increase the eventual costs. Public understanding of these questions is still uneven, which makes informed debate harder. To respond effectively, policymakers and individuals should consider long-term policy support, affordable storage technology and community-owned solar projects. Taken together, these measures would lower the long-term risks and spread the benefits more fairly. In conclusion, renewable energy demands sustained attention from institutions, communities and individuals alike.","0","independent_disjoint_points"
"PAIR_081","Space Exploration","When I began researching space exploration, I was surprised by how many different angles there are. In this assignment I describe the main problems I found and some realistic ways forward. First of all, private companies have lowered launch costs through reusable rockets. A good illustration is that recovered boosters now fly several missions. Another thing I noticed is that international cooperation allows countries to share costs and expertise. To give one example, the International Space Station is run by several partner nations. It is also worth mentioning that technology spin-offs bring benefits to daily life. You can see this when medical imaging and water filters grew from space research. Then there is the fact that inspiration encourages young people to study science. A good illustration is that major launches attract huge audiences of students. Before this project I had not really thought about how closely these things are connected. Talking to friends and family about it also showed me that people hold very different opinions. I think it is easy to ignore the topic because the effects often appear slowly. Looking at several sources made me realise that the picture is more complicated than headlines suggest. From what I read, the most practical steps would be shared international missions, reusable launch systems and science education programmes. I believe these ideas are achievable if people are willing to cooperate and think about the long term. Overall, my research shows that space exploration affects everyday life more than most people realise.","Space exploration has become one of the most widely debated issues of the modern era. This assignment examines several dimensions of space exploration and considers how each might be addressed. A central concern is that technology spin-offs bring benefits to daily life. For example, medical imaging and water filters grew from space research. It is also clear that high mission costs raise questions about public spending priorities. This can be seen in the fact that a single launch can cost many millions of dollars. Another significant factor is that satellite technology supports navigation, weather forecasting and communication. Evidence of this appears where GPS and mobile networks depend on orbiting spacecraft. Furthermore, space debris threatens working satellites and future missions. For example, thousands of fragments circle the Earth at high speed. A balanced analysis must recognise that social, economic and personal factors interact over time. No single policy or action can resolve every challenge in this area, so coordination is essential. Careful research and open public discussion remain necessary to guide sensible decisions. The scale of the issue means that delays in action are likely to increase the eventual costs. Public understanding of these questions is still uneven, which makes informed debate harder. To respond effectively, policymakers and individuals should consider public funding for basic research, clear rules on debris removal and shared international missions. Taken together, these measures would lower the long-term risks and spread the benefits more fairly. In conclusion, space exploration demands sustained attention from institutions, communities and individuals alike.","0","independent_one_common_point"
"PAIR_082","Social Media and Teenagers","We can no longer treat social media and teenagers as a distant problem that someone else will solve. The following pages argue that practical action is both possible and urgent. Consider first that the spread of rumours damages reputations before facts can be checked. Real life confirms this, since false stories about classmates have circulated widely on school networks. Just as troubling, algorithm-driven feeds keep users engaged for far longer than they intend. The proof is clear when short video apps can easily consume several hours of an evening. We should also remember that late-night scrolling cuts into sleep and harms school performance. Look at what happens when students frequently admit to checking their phones after midnight. Even more striking, fear of missing out creates anxiety about being left out of social events. Real life confirms this, since notifications from friends' parties can leave others feeling excluded. Some people argue that change is too expensive, but doing nothing carries a much higher price. Every community has a role to play, from local groups to national leaders. Small decisions made by ordinary people add up to real change when they are shared commonly. Excuses and delays have already cost us valuable time that we cannot recover. The way forward lies in clear screen-time limits at home, digital literacy lessons in schools and stronger reporting tools on platforms. If we commit to these steps now, the next generation will inherit a far better situation. The choice is ours, and social media and teenagers will only improve if we act with determination.","We can no longer treat social media and teenagers as a distant problem that someone else will solve. The following pages argue that practical action is both possible and urgent. Consider first that the spread of rumours damages reputations before facts can be checked. The proof is clear when false stories about classmates have circulated widely on school networks. Just as troubling, algorithm-driven feeds keep users engaged for far longer than they intend. Look at what happens when short video apps can easily consume several hours of an evening. We should also remember that late-night scrolling cuts into sleep and harms school performance. Real life confirms this, since students often admit to checking their phones after midnight. Even more striking, fear of missing out creates anxiety about being left out of social events. The proof is clear when notifications from friends' parties can leave others feeling excluded. Some people argue that change is too expensive, but doing nothing carries a much higher price. Every community has a role to play, from local groups to national leaders. Small decisions made by ordinary people add up to real change when they are shared widely. Excuses and delays have already cost us valuable time that we cannot recover. The way forward lies in clear screen-time limits at home, digital literacy lessons in schools and stronger reporting tools on platforms. If we commit to these steps now, the next generation will inherit a far better situation. The choice is ours, and social media and teenagers will only improve if we act with determination.","1","shared_content_light_rewrite"
"PAIR_083","Climate Change","Climate change has become one of the most widely debated issues of the modern era. This assignment examines several dimensions of climate change and considers how each might be addressed. A central concern is that melting glaciers reduce the freshwater that millions of people rely on. This can be seen in the fact that rivers fed by Himalayan ice support farming across South Asia. It is also clear that extreme storms destroy homes and interrupt supply chains. Evidence of this appears where powerful hurricanes have caused billions of dollars in damage along coastlines. Another significant factor is that the burning of fossil fuels releases most of the carbon dioxide that traps heat. For example, coal and oil remain major sources of electricity and transport energy worldwide. Furthermore, more frequent heatwaves put heavy pressure on hospitals and power grids. This can be seen in the fact that record summer temperatures in Europe have been linked to thousands of heat-related deaths. A balanced analysis must recognise that social, economic and personal factors interact over time. No single policy or action can resolve every challenge in this area, so coordination is essential. Careful research and open public discussion remain necessary to guide sensible decisions. The scale of the issue means that delays in action are likely to increase the eventual costs. To respond effectively, policymakers and individuals should consider stronger carbon pricing, protection of existing forests and investment in clean energy. Taken together, these measures would lower the long-term risks and spread the benefits more fairly. In conclusion, climate change demands sustained attention from institutions, communities and individuals alike.","Research on climate change usually highlights a number of linked causes and consequences. The discussion below outlines the strongest of these and evaluates possible responses. One finding that stands out is that more frequent heatwaves put heavy pressure on hospitals and power grids. Consider how record summer temperatures in Europe have been linked to thousands of heat-related deaths. Related to this, rising sea levels threaten coastal cities and low-lying farmland. The case is illustrated when small island nations such as the Maldives already plan for the loss of habitable land. The data also suggest that ocean warming damages coral reefs and local fishing industries. Practical evidence includes the fact that large coral bleaching events have affected reefs along the Australian coast. A further point is that shifting rainfall patterns disrupt planting seasons and crop yields. Consider how farmers in many regions report that monsoon timing has become unpredictable. Studies in this field often disagree on the exact size of each effect, which complicates comparison. Measurement challenges mean that some trends are easier to document than others. Differences between regions suggest that local conditions strongly influence outcomes. Long-term monitoring is required to confirm whether current trends will continue. Comparisons across countries reveal that similar problems can produce very different results. Based on this evidence, the most promising responses are international agreements on emission targets, protection of existing forests and investment in clean energy. Each option carries costs, yet the expected benefits appear to outweigh them over time. Ultimately, the evidence indicates that climate change cannot be understood or managed through isolated actions.","0","independent_one_common_point"
"PAIR_084","Artificial Intelligence in Education","Research on artificial intelligence in education usually highlights a number of linked causes and consequences. The discussion below outlines the strongest of these and evaluates possible responses. One finding that stands out is that data collection raises serious questions about student privacy. Consider how learning platforms record how long each pupil spends on every task. Related to this, automated marking saves teachers hours of repetitive work. The case is illustrated when multiple-choice quizzes can now be graded instantly. The data also suggest that personalised learning tools adapt lessons to the pace of each student. Practical evidence includes the fact that some maths apps adjust question difficulty after every answer. A further point is that virtual tutors offer help outside school hours. Consider how chat-based tutors answer homework questions late at night. Studies in this field often disagree on the exact size of each effect, which complicates comparison. Measurement challenges mean that some trends are easier to document than others. Differences between regions suggest that local conditions strongly influence outcomes. Long-term monitoring is required to confirm whether current trends will continue. Comparisons across countries reveal that similar problems can produce very different results. Economic factors appear to interact with cultural attitudes in ways that are not yet fully understood. Based on this evidence, the most promising responses are regular teacher training, funding for devices in poorer schools and clear rules on acceptable AI use. Each option carries costs, yet the expected benefits appear to outweigh them over time. Ultimately, the evidence indicates that artificial intelligence in education cannot be understood or managed through isolated actions.","Research on artificial intelligence in education usually highlights a number of linked causes and consequences. The discussion below outlines the strongest of these and evaluates possible responses. One finding that stands out is that personalised learning tools adapt lessons to the pace of each student. Consider how some maths apps adjust question difficulty after every answer. Related to this, automated marking saves teachers hours of repetitive work. The case is illustrated when multiple-choice quizzes can now be graded instantly. The data also suggest that data collection raises serious questions about student privacy. Practical evidence includes the fact that learning platforms record how long each pupil spends on every task. A further point is that virtual tutors offer help outside school hours. Consider how chat-based tutors answer homework questions late at night. Studies in this field often disagree on the exact size of each effect, which complicates comparison. Measurement challenges mean that some trends are easier to document than others. Differences between regions suggest that local conditions strongly influence outcomes. Long-term monitoring is required to confirm whether current trends will continue. Comparisons across countries reveal that similar problems can produce very different results. Economic factors appear to interact with cultural attitudes in ways that are not yet fully understood. Based on this evidence, the most promising responses are regular teacher training, funding for devices in poorer schools and clear rules on acceptable AI use. Each option carries costs, yet the expected benefits appear to outweigh them over time. Ultimately, the evidence indicates that artificial intelligence in education cannot be understood or managed through isolated actions.","1","reordered_copy"
"PAIR_085","Cryptocurrency","Cryptocurrency has become one of the most commonly discussed issues of the modern era. This assignment examines several dimensions of cryptocurrency and considers how each might be addressed. A central concern is that decentralisation removes the need for banks in some transactions. Evidence of this appears where users can send funds directly to each other. It is also evident that scams and fraud cost inexperienced investors substantial sums. For example, fake investment schemes promise guaranteed returns. Another significant factor is that price volatility makes digital coins a risky store of value. This can be seen in the fact that values have fallen by half within a few weeks. Furthermore, illegal activity has used the relative anonymity of some coins. Evidence of this appears where authorities have traced multiple ransom payments. A balanced analysis must recognise that social, economic and personal factors interact over time. No single policy or action can resolve every challenge in this area, so coordination is vital. Careful research and open public discussion remain necessary to guide sensible decisions. The scale of the issue means that delays in action are likely to increase the eventual costs. Public understanding of these questions is still uneven, which makes informed debate harder. Responsibility is shared between governments, businesses and ordinary citizens in different ways. To respond effectively, policymakers and individuals should consider energy-efficient validation methods, investor education and consumer protection rules. Taken together, these measures would lower the long-term risks and spread the advantages more fairly. In conclusion, cryptocurrency demands continued attention from institutions, communities and individuals alike.","Cryptocurrency has become one of the most widely debated issues of the modern era. This assignment examines several dimensions of cryptocurrency and considers how each might be addressed. A central concern is that decentralisation removes the need for banks in some transactions. For example, users can send funds directly to each other. It is also clear that scams and fraud cost inexperienced investors large sums. This can be seen in the fact that fake investment schemes promise guaranteed returns. Another significant factor is that price volatility makes digital coins a risky store of value. Evidence of this appears where values have fallen by half within a few weeks. Furthermore, illegal activity has used the relative anonymity of some coins. For example, authorities have traced several ransom payments. A balanced analysis must recognise that social, economic and personal factors interact over time. No single policy or action can resolve every challenge in this area, so coordination is essential. Careful research and open public discussion remain necessary to guide sensible decisions. The scale of the issue means that delays in action are likely to increase the eventual costs. Public understanding of these questions is still uneven, which makes informed debate harder. Responsibility is shared between governments, businesses and ordinary citizens in different ways. To respond effectively, policymakers and individuals should consider energy-efficient validation methods, investor education and consumer protection rules. Taken together, these measures would lower the long-term risks and spread the benefits more fairly. In conclusion, cryptocurrency demands sustained attention from institutions, communities and individuals alike.","1","shared_content_light_rewrite"
"PAIR_086","Social Media and Teenagers","When I began researching social media and teenagers, I was surprised by how many different angles there are. In this assignment I describe the main problems I found and some realistic ways forward. First of all, online communities offer support to teenagers who feel isolated. A good illustration is that young people with rare hobbies or conditions often find friends through forums. Another thing I noticed is that fear of missing out creates anxiety about being left out of social events. To give one example, notifications from friends' parties can leave others feeling excluded. It is also worth mentioning that late-night scrolling cuts into sleep and harms school performance. You can see this when students often admit to checking their phones after midnight. Then there is the fact that algorithm-driven feeds keep users engaged for far longer than they intend. A good illustration is that short video apps can easily consume several hours of an evening. Before this project I had not really thought about how closely these things are connected. Talking to friends and family about it also showed me that people hold very different opinions. I think it is easy to ignore the topic because the effects often appear slowly. From what I read, the most practical steps would be age-appropriate privacy settings, digital literacy lessons in schools and open family conversations about online life. I believe these ideas are achievable if people are willing to cooperate and think about the long term. Overall, my research shows that social media and teenagers affects everyday life more than most people realise.","We can no longer treat social media and teenagers as a distant problem that someone else will solve. The following pages argue that practical action is both possible and urgent. Consider first that influencer marketing blurs the line between advice and advertising. The proof is clear when teenagers frequently copy products promoted by creators they admire. Just as troubling, constant comparison with edited photos lowers self-esteem among young users. Look at what happens when many teenagers say they feel pressure to look perfect online. We should also remember that the spread of rumours damages reputations before facts can be checked. Real life confirms this, since false stories about classmates have circulated widely on school networks. Even more striking, cyberbullying follows victims home and is hard to escape. The proof is clear when hurtful messages can spread through group chats within minutes. Some people argue that change is too expensive, but doing nothing carries a much higher price. Every community has a role to play, from local groups to national leaders. Small decisions made by ordinary people add up to real change when they are shared widely. Excuses and delays have already cost us valuable time that we cannot recover. The way forward lies in age-appropriate privacy settings, clear screen-time limits at home and stronger reporting tools on platforms. If we commit to these steps now, the next generation will inherit a far better situation. The choice is ours, and social media and teenagers will only improve if we act with determination.","0","independent_disjoint_points"
"PAIR_087","Student Mental Health","When I began researching student mental health, I was surprised by how many different angles there are. In this assignment I describe the main problems I found and some realistic ways forward. First of all, limited counselling services leave many students waiting for help. A good illustration is that some campuses have waiting lists of several weeks. Another thing I noticed is that financial worries add strain to university life. To give one example, part-time jobs often compete with study time. It is also worth mentioning that academic competition encourages perfectionism and burnout. You can see this when high achievers often feel that anything less than top marks is failure. Then there is the fact that stigma prevents students from asking for support. A good illustration is that many young people fear being judged for admitting they struggle. Before this project I had not really thought about how closely these things are connected. Talking to friends and family about it also showed me that people hold very different opinions. I think it is easy to ignore the topic because the effects often appear slowly. Looking at several sources made me realise that the picture is more complicated than headlines suggest. From what I read, the most practical steps would be mental health education from an early age, reasonable assessment deadlines and more campus counsellors. I believe these ideas are achievable if people are willing to cooperate and think about the long term. Overall, my research shows that student mental health affects everyday life more than most people realise.","Student mental health has become one of the most widely debated issues of the modern era. This assignment examines several dimensions of student mental health and considers how each might be addressed. A central concern is that exam pressure creates stress that lasts for weeks. For example, many students describe sleepless nights before final papers. It is also clear that peer support groups help students feel understood. This can be seen in the fact that student-led listening schemes have grown on several campuses. Another significant factor is that loneliness affects students who move far from home. Evidence of this appears where first-year students may struggle to make new friends. Furthermore, poor sleep and diet worsen mood and concentration. For example, energy drinks and skipped meals are common during exam season. A balanced analysis must recognise that social, economic and personal factors interact over time. No single policy or action can resolve every challenge in this area, so coordination is essential. Careful research and open public discussion remain necessary to guide sensible decisions. The scale of the issue means that delays in action are likely to increase the eventual costs. Public understanding of these questions is still uneven, which makes informed debate harder. To respond effectively, policymakers and individuals should consider reasonable assessment deadlines, mental health education from an early age and more campus counsellors. Taken together, these measures would lower the long-term risks and spread the benefits more fairly. In conclusion, student mental health demands sustained attention from institutions, communities and individuals alike.","0","independent_disjoint_points"
"PAIR_088","E-commerce","Research on e-commerce usually highlights a number of linked causes and consequences. The discussion below outlines the strongest of these and evaluates possible responses. One finding that stands out is that personalised recommendations encourage extra spending. The case is illustrated when shoppers often add suggested items to their baskets. Related to this, online marketplaces give small sellers access to national customers. Practical evidence includes the fact that craft makers can sell directly without opening a shop. The data also suggest that high return rates create waste and extra costs. Consider how clothing bought online is frequently sent back. A further point is that digital payments make buying quick and convenient. The case is illustrated when one-click checkout reduces the effort of purchasing. Studies in this field often disagree on the exact size of each effect, which complicates comparison. Measurement challenges mean that some trends are easier to document than others. Differences between regions suggest that local conditions strongly influence outcomes. Long-term monitoring is required to confirm whether current trends will continue. Comparisons across countries reveal that similar problems can produce very different results. Economic factors appear to interact with cultural attitudes in ways that are not yet fully understood. Reliable statistics are not available everywhere, so conclusions should be treated with some caution. Based on this evidence, the most promising responses are support for local shops, tougher rules on fake reviews and secure payment standards. Each option carries costs, yet the expected benefits appear to outweigh them over time. Ultimately, the evidence indicates that e-commerce cannot be understood or managed through isolated actions.","We can no longer treat e-commerce as a distant problem that someone else will solve. The following pages argue that practical action is both possible and urgent. Consider first that fast delivery raises expectations and increases traffic. The proof is clear when vans delivering parcels now fill many residential streets. Just as troubling, fake reviews mislead shoppers and damage trust. Look at what happens when some sellers pay for large numbers of five-star ratings. We should also remember that declining high streets result from shifting customer habits. Real life confirms this, since many familiar shops have closed in town centres. Even more striking, warehouse work can involve demanding targets and low pay. The proof is clear when workers report strict timing of every task. Some people argue that change is too expensive, but doing nothing carries a much higher price. Every community has a role to play, from local groups to national leaders. Small decisions made by ordinary people add up to real change when they are shared widely. Excuses and delays have already cost us valuable time that we cannot recover. It is easy to feel powerless, but history shows that determined communities can shift public opinion. Leaders who ignore this reality will eventually be forced to respond to growing public pressure. The way forward lies in tougher rules on fake reviews, greener delivery options and fair conditions for warehouse staff. If we commit to these steps now, the next generation will inherit a far better situation. The choice is ours, and e-commerce will only improve if we act with determination.","0","independent_disjoint_points_distinct_solutions"
"PAIR_089","Digital Privacy","Digital privacy has become one of the most widely debated issues of the modern era. This assignment examines several dimensions of digital privacy and considers how each might be addressed. A central concern is that children's data needs special protection from commercial use. For example, games and apps often track young players. It is also clear that smart speakers listen for commands and may record more than expected. This can be seen in the fact that household conversations can be stored on company servers. Another significant factor is that government surveillance must be balanced against civil liberties. Evidence of this appears where debates continue over bulk collection of communications. Furthermore, facial recognition allows people to be tracked in public spaces. For example, cameras in some cities can identify individuals in crowds. A balanced analysis must recognise that social, economic and personal factors interact over time. No single policy or action can resolve every challenge in this area, so coordination is essential. Careful research and open public discussion remain necessary to guide sensible decisions. The scale of the issue means that delays in action are likely to increase the eventual costs. Public understanding of these questions is still uneven, which makes informed debate harder. To respond effectively, policymakers and individuals should consider privacy-friendly default settings, regular independent audits and public education on safe online habits. Taken together, these measures would lower the long-term risks and spread the benefits more fairly. In conclusion, digital privacy demands sustained attention from institutions, communities and individuals alike.","We can no longer treat digital privacy as a distant problem that someone else will solve. The following pages argue that practical action is both possible and urgent. Consider first that data leaks expose addresses, passwords and financial details. The proof is clear when large breaches have affected millions of customers at once. Just as troubling, data brokers collect and sell personal information. Look at what happens when companies can buy lists describing a person's habits and income. We should also remember that targeted advertising relies on detailed profiles of online behaviour. Real life confirms this, since shoppers often see ads for products they only mentioned in conversation. Even more striking, long privacy policies prevent users from making informed choices. The proof is clear when few people read the terms before clicking accept. Some people argue that change is too expensive, but doing nothing carries a much higher price. Every community has a role to play, from local groups to national leaders. Small decisions made by ordinary people add up to real change when they are shared widely. Excuses and delays have already cost us valuable time that we cannot recover. It is easy to feel powerless, but history shows that determined communities can shift public opinion. The way forward lies in public education on safe online habits, regular independent audits and privacy-friendly default settings. If we commit to these steps now, the next generation will inherit a far better situation. The choice is ours, and digital privacy will only improve if we act with determination.","0","independent_disjoint_points"
"PAIR_090","Plastic Pollution","We can no longer treat plastic pollution as a distant problem that someone else will solve. The following pages argue that practical action is both possible and urgent. Consider first that fishing gear left at sea continues to trap wildlife for years. Real life confirms this, since abandoned nets make up a large share of ocean plastic. Just as troubling, low recycling rates mean most plastic ends up in landfill or the environment. The proof is clear when only a small fraction of plastic ever produced has been recycled. We should also remember that consumer habits decide how much plastic reaches the market. Look at what happens when supermarkets report strong demand for pre-packed fruit. Even more striking, microplastics enter food chains and drinking water. Real life confirms this, since tiny fragments have been found in fish, salt and bottled water. Some people argue that change is too expensive, but doing nothing carries a much higher price. Every community has a role to play, from local groups to national leaders. Small decisions made by ordinary people add up to real change when they are shared widely. Excuses and delays have already cost us valuable time that we cannot recover. It is easy to feel powerless, but history shows that determined communities can shift public opinion. The way forward lies in better collection infrastructure, producer responsibility schemes and refill and reuse systems. If we commit to these steps now, the next generation will inherit a far better situation. The choice is ours, and plastic pollution will only improve if we act with determination.","Plastic pollution has become one of the most widely debated issues of the modern era. This assignment examines several dimensions of plastic pollution and considers how each might be addressed. A central concern is that consumer habits decide how much plastic reaches the market. For example, supermarkets report strong demand for pre-packed fruit. It is also clear that waste exports move the problem to poorer countries. This can be seen in the fact that several nations have refused shipments of mixed plastic waste. Another significant factor is that cheap production makes plastic more attractive than alternatives. Evidence of this appears where new bottles are often cheaper than recycled material. Furthermore, ocean debris harms marine animals that mistake it for food. For example, turtles and seabirds are regularly found with plastic in their stomachs. A balanced analysis must recognise that social, economic and personal factors interact over time. No single policy or action can resolve every challenge in this area, so coordination is essential. Careful research and open public discussion remain necessary to guide sensible decisions. The scale of the issue means that delays in action are likely to increase the eventual costs. Public understanding of these questions is still uneven, which makes informed debate harder. To respond effectively, policymakers and individuals should consider producer responsibility schemes, bans on avoidable single-use items and better collection infrastructure. Taken together, these measures would lower the long-term risks and spread the benefits more fairly. In conclusion, plastic pollution demands sustained attention from institutions, communities and individuals alike.","0","independent_one_common_point"
"PAIR_091","Electric Vehicles","Electric vehicles has become one of the most widely debated issues of the modern era. This assignment examines several dimensions of electric vehicles and considers how each might be addressed. A central concern is that charging infrastructure determines whether drivers feel confident switching. For example, motorists worry about finding a working charger on long trips. It is also clear that high purchase prices put new models out of reach for many buyers. This can be seen in the fact that batteries remain the most expensive part of the car. Another significant factor is that electricity sources decide how clean an electric car really is. Evidence of this appears where vehicles charged from coal power have a smaller benefit. Furthermore, battery recycling can recover valuable materials. For example, new plants reclaim metals from used packs. A balanced analysis must recognise that social, economic and personal factors interact over time. No single policy or action can resolve every challenge in this area, so coordination is essential. Careful research and open public discussion remain necessary to guide sensible decisions. The scale of the issue means that delays in action are likely to increase the eventual costs. Public understanding of these questions is still uneven, which makes informed debate harder. To respond effectively, policymakers and individuals should consider purchase incentives for lower-income buyers, recycling of used batteries and cheaper batteries. Taken together, these measures would lower the long-term risks and spread the benefits more fairly. In conclusion, electric vehicles demands sustained attention from institutions, communities and individuals alike.","Research on electric vehicles usually highlights a number of linked causes and consequences. The discussion below outlines the strongest of these and evaluates possible responses. One finding that stands out is that zero tailpipe emissions improve air quality in busy cities. Practical evidence includes the fact that electric buses make streets noticeably quieter and cleaner. Related to this, charging infrastructure determines whether drivers feel confident switching. Consider how motorists worry about finding a working charger on long trips. The data also suggest that battery production requires mining of lithium, cobalt and nickel. The case is illustrated when extraction has raised concerns about local water and labour conditions. A further point is that government incentives speed up adoption. Practical evidence includes the fact that Norway offers tax benefits that helped electric cars dominate sales. Studies in this field often disagree on the exact size of each effect, which complicates comparison. Measurement challenges mean that some trends are easier to document than others. Differences between regions suggest that local conditions strongly influence outcomes. Long-term monitoring is required to confirm whether current trends will continue. Comparisons across countries reveal that similar problems can produce very different results. Economic factors appear to interact with cultural attitudes in ways that are not yet fully understood. Based on this evidence, the most promising responses are cheaper batteries, recycling of used batteries and purchase incentives for lower-income buyers. Each option carries costs, yet the expected benefits appear to outweigh them over time. Ultimately, the evidence indicates that electric vehicles cannot be understood or managed through isolated actions.","0","independent_one_common_point"
"PAIR_092","Electric Vehicles","We can no longer treat electric vehicles as a distant problem that someone else will solve. The following pages argue that practical action is both possible and urgent. Consider first that electricity sources decide how clean an electric car really is. The proof is clear when vehicles charged from coal power have a smaller benefit. Just as troubling, charging infrastructure determines whether drivers feel confident switching. Look at what happens when motorists worry about finding a working charger on long trips. We should also remember that high purchase prices put new models out of reach for many buyers. Real life confirms this, since batteries remain the most expensive part of the car. Even more striking, zero tailpipe emissions improve air quality in busy cities. The proof is clear when electric buses make streets noticeably quieter and cleaner. Some people argue that change is too expensive, but doing nothing carries a much higher price. Every community has a role to play, from local groups to national leaders. Small decisions made by ordinary people add up to real change when they are shared widely. Excuses and delays have already cost us valuable time that we cannot recover. It is easy to feel powerless, but history shows that determined communities can shift public opinion. The way forward lies in recycling of used batteries, cleaner electricity grids and purchase incentives for lower-income buyers. If we commit to these steps now, the next generation will inherit a far better situation. The choice is ours, and electric vehicles will only improve if we act with determination.","We can no longer treat electric vehicles as a distant problem that someone else will solve. The following pages argue that practical action is both possible and urgent. Consider first that electricity sources decide how clean an electric car really is. The proof is clear when vehicles charged from coal power have a smaller benefit. Just as troubling, charging infrastructure determines whether drivers feel confident switching. Look at what happens when motorists worry about finding a working charger on long trips. We should also remember that battery production requires mining of lithium, cobalt and nickel. Real life confirms this, since extraction has raised concerns about local water and labour conditions. Even more striking, lower running costs reduce fuel and maintenance spending. The proof is clear when electric motors have far fewer moving parts than engines. Some people argue that change is too expensive, but doing nothing carries a much higher price. Every community has a role to play, from local groups to national leaders. Small decisions made by ordinary people add up to real change when they are shared widely. Excuses and delays have already cost us valuable time that we cannot recover. It is easy to feel powerless, but history shows that determined communities can shift public opinion. The way forward lies in recycling of used batteries, cleaner electricity grids and purchase incentives for lower-income buyers. If we commit to these steps now, the next generation will inherit a far better situation. The choice is ours, and electric vehicles will only improve if we act with determination.","1","partial_overlap_copy"
"PAIR_093","Online Learning","We can no longer treat online learning as a distant problem that someone else will solve. The following pages argue that practical action is both possible and urgent. Consider first that digital skills are improved through regular platform use. The proof is evident when students gradually learn to collaborate through shared documents. Just as troubling, self-discipline becomes essential without a fixed classroom routine. Look at what happens when numerous learners fall behind when deadlines feel distant. We should also remember that flexible timetables allow learners to study around work and family. Real life confirms this, since adults can complete courses in the evening. Even more striking, recorded lectures let students revise difficult topics. The proof is evident when learners can pause and replay complex explanations. Some people argue that change is too expensive, but doing nothing carries a much higher price. Every community has a role to play, from local groups to national leaders. Minor decisions made by ordinary people add up to real change when they are shared widely. Excuses and delays have already cost us valuable time that we cannot recover. It is easy to feel powerless, but history shows that determined communities can shift public opinion. Leaders who ignore this reality will eventually be forced to respond to growing public pressure. The way forward lies in reliable internet access for all, study skills support and interactive live sessions. If we commit to these steps now, the next generation will inherit a far better situation. The choice is ours, and online learning will only improve if we act with determination.","We can no longer treat online learning as a distant problem that someone else will solve. The following pages argue that practical action is both possible and urgent. Consider first that recorded lectures let students revise difficult topics. The proof is clear when learners can pause and replay complex explanations. Just as troubling, self-discipline becomes essential without a fixed classroom routine. Look at what happens when many learners fall behind when deadlines feel distant. We should also remember that digital skills are improved through regular platform use. Real life confirms this, since students gradually learn to collaborate through shared documents. Even more striking, flexible timetables allow learners to study around work and family. The proof is clear when adults can complete courses in the evening. Some people argue that change is too expensive, but doing nothing carries a much higher price. Every community has a role to play, from local groups to national leaders. Small decisions made by ordinary people add up to real change when they are shared widely. Excuses and delays have already cost us valuable time that we cannot recover. It is easy to feel powerless, but history shows that determined communities can shift public opinion. Leaders who ignore this reality will eventually be forced to respond to growing public pressure. The way forward lies in reliable internet access for all, study skills support and interactive live sessions. If we commit to these steps now, the next generation will inherit a far better situation. The choice is ours, and online learning will only improve if we act with determination.","1","reordered_copy"
"PAIR_094","Public Transportation","We can no longer treat public transportation as a distant problem that someone else will solve. The following pages argue that practical action is both possible and urgent. Consider first that unreliable services push commuters back into their cars. The proof is clear when frequent delays make timetables hard to trust. Just as troubling, integrated ticketing makes journeys simpler. Look at what happens when a single card can pay for trains, buses and trams. We should also remember that fewer private cars reduce congestion and exhaust fumes. Real life confirms this, since cities with strong metro networks usually have cleaner air. Even more striking, high infrastructure costs slow the building of new lines. The proof is clear when metro projects often take a decade to complete. Some people argue that change is too expensive, but doing nothing carries a much higher price. Every community has a role to play, from local groups to national leaders. Small decisions made by ordinary people add up to real change when they are shared widely. Excuses and delays have already cost us valuable time that we cannot recover. It is easy to feel powerless, but history shows that determined communities can shift public opinion. Leaders who ignore this reality will eventually be forced to respond to growing public pressure. The way forward lies in dedicated bus lanes, safer stations and stops and more frequent services. If we commit to these steps now, the next generation will inherit a far better situation. The choice is ours, and public transportation will only improve if we act with determination.","When I began researching public transportation, I was surprised by how many different angles there are. In this assignment I describe the main problems I found and some realistic ways forward. First of all, limited coverage leaves suburbs poorly connected. A good illustration is that residents of outer districts may need several transfers. Another thing I noticed is that electric buses cut emissions on busy routes. To give one example, several cities have replaced diesel fleets with battery models. It is also worth mentioning that affordable fares give low-income residents access to jobs. You can see this when monthly passes often cost far less than owning a car. Then there is the fact that safety concerns discourage some passengers, especially at night. A good illustration is that poor lighting at stations makes many people uneasy. Before this project I had not really thought about how closely these things are connected. Talking to friends and family about it also showed me that people hold very different opinions. I think it is easy to ignore the topic because the effects often appear slowly. Looking at several sources made me realise that the picture is more complicated than headlines suggest. From what I read, the most practical steps would be more frequent services, integrated tickets across modes and investment in electric fleets. I believe these ideas are achievable if people are willing to cooperate and think about the long term. Overall, my research shows that public transportation affects everyday life more than most people realise.","0","independent_disjoint_points_distinct_solutions"
"PAIR_095","Social Media and Teenagers","We can no longer treat social media and teenagers as a distant problem that someone else will solve. The following pages argue that practical action is both possible and urgent. Consider first that constant comparison with edited photos lowers self-esteem among young users. The proof is clear when many teenagers say they feel pressure to look perfect online. Just as troubling, the spread of rumours damages reputations before facts can be checked. Look at what happens when false stories about classmates have circulated widely on school networks. We should also remember that influencer marketing blurs the line between advice and advertising. Real life confirms this, since teenagers frequently copy products promoted by creators they admire. Even more striking, online communities offer support to teenagers who feel isolated. The proof is clear when young people with rare hobbies or conditions often find friends through forums. Some people argue that change is too expensive, but doing nothing carries a much higher price. Every community has a role to play, from local groups to national leaders. Small decisions made by ordinary people add up to real change when they are shared widely. Excuses and delays have already cost us valuable time that we cannot recover. The way forward lies in digital literacy lessons in schools, clear screen-time limits at home and stronger reporting tools on platforms. If we commit to these steps now, the next generation will inherit a far better situation. The choice is ours, and social media and teenagers will only improve if we act with determination.","We can no longer treat social media and teenagers as a distant problem that someone else will solve. The following pages argue that practical action is both possible and urgent. Consider first that constant comparison with edited photos lowers self-esteem among young users. The proof is clear when many teenagers say they feel pressure to look perfect online. Just as troubling, the spread of rumours damages reputations before facts can be checked. Look at what happens when false stories about classmates have circulated widely on school networks. We should also remember that algorithm-driven feeds keep users engaged for far longer than they intend. Real life confirms this, since short video apps can easily consume several hours of an evening. Even more striking, fear of missing out creates anxiety about being left out of social events. The proof is clear when notifications from friends' parties can leave others feeling excluded. Some people argue that change is too expensive, but doing nothing carries a much higher price. Every community has a role to play, from local groups to national leaders. Small decisions made by ordinary people add up to real change when they are shared widely. Excuses and delays have already cost us valuable time that we cannot recover. The way forward lies in digital literacy lessons in schools, clear screen-time limits at home and stronger reporting tools on platforms. If we commit to these steps now, the next generation will inherit a far better situation. The choice is ours, and social media and teenagers will only improve if we act with determination.","1","partial_overlap_copy"
"PAIR_096","Online Learning","Online learning has become one of the most widely debated issues of the modern era. This assignment examines several dimensions of online learning and considers how each might be addressed. A central concern is that reduced interaction can leave students feeling disconnected. For example, discussion forums rarely match face-to-face debate. It is also clear that unreliable internet prevents some learners from joining lessons. This can be seen in the fact that students in rural areas often lose connection mid-class. Another significant factor is that flexible timetables allow learners to study around work and family. Evidence of this appears where adults can complete courses in the evening. Furthermore, self-discipline becomes essential without a fixed classroom routine. For example, many learners fall behind when deadlines feel distant. A balanced analysis must recognise that social, economic and personal factors interact over time. No single policy or action can resolve every challenge in this area, so coordination is essential. Careful research and open public discussion remain necessary to guide sensible decisions. The scale of the issue means that delays in action are likely to increase the eventual costs. Public understanding of these questions is still uneven, which makes informed debate harder. Responsibility is shared between governments, businesses and ordinary citizens in different ways. To respond effectively, policymakers and individuals should consider study skills support, blended courses with practical sessions and interactive live sessions. Taken together, these measures would lower the long-term risks and spread the benefits more fairly. In conclusion, online learning demands sustained attention from institutions, communities and individuals alike.","Online learning has become one of the most widely debated issues of the modern era. This assignment examines several dimensions of online learning and considers how each might be addressed. A central concern is that reduced interaction can leave students feeling disconnected. For example, discussion forums rarely match face-to-face debate. It is also clear that unreliable internet prevents some learners from joining lessons. This can be seen in the fact that students in rural areas often lose connection mid-class. Another significant factor is that digital skills are improved through regular platform use. Evidence of this appears where students gradually learn to collaborate through shared documents. Furthermore, lower costs make education available to more people. For example, many universities offer free introductory modules. A balanced analysis must recognise that social, economic and personal factors interact over time. No single policy or action can resolve every challenge in this area, so coordination is essential. Careful research and open public discussion remain necessary to guide sensible decisions. The scale of the issue means that delays in action are likely to increase the eventual costs. Public understanding of these questions is still uneven, which makes informed debate harder. Responsibility is shared between governments, businesses and ordinary citizens in different ways. To respond effectively, policymakers and individuals should consider study skills support, blended courses with practical sessions and interactive live sessions. Taken together, these measures would lower the long-term risks and spread the benefits more fairly. In conclusion, online learning demands sustained attention from institutions, communities and individuals alike.","1","partial_overlap_copy"
"PAIR_097","Nutrition and Obesity","When I began researching nutrition and obesity, I was surprised by how many different angles there are. In this assignment I describe the main problems I found and some realistic ways forward. First of all, food deserts limit access to fresh groceries in poorer areas. A good illustration is that some neighbourhoods have no supermarket within walking distance. Another thing I noticed is that ultra-processed foods are high in sugar, salt and fat. To give one example, snacks and soft drinks make up a large share of many diets. It is also worth mentioning that sedentary lifestyles reduce the calories people burn each day. You can see this when office work and long hours of screen time limit movement. Then there is the fact that portion sizes have grown steadily over recent decades. A good illustration is that restaurant meals are often much larger than they once were. Before this project I had not really thought about how closely these things are connected. Talking to friends and family about it also showed me that people hold very different opinions. I think it is easy to ignore the topic because the effects often appear slowly. Looking at several sources made me realise that the picture is more complicated than headlines suggest. From what I read, the most practical steps would be healthier school meals, safe spaces for exercise and sugar taxes. I believe these ideas are achievable if people are willing to cooperate and think about the long term. Overall, my research shows that nutrition and obesity affects everyday life more than most people realise.","Research on nutrition and obesity usually highlights a number of linked causes and consequences. The discussion below outlines the strongest of these and evaluates possible responses. One finding that stands out is that school meals shape eating habits from an early age. Practical evidence includes the fact that programmes with fresh ingredients have improved pupils' diets. Related to this, healthy food prices put fresh produce out of reach for some families. Consider how fruit and vegetables can cost more per calorie than fast food. The data also suggest that food deserts limit access to fresh groceries in poorer areas. The case is illustrated when some neighbourhoods have no supermarket within walking distance. A further point is that nutrition education helps people read labels and plan meals. Practical evidence includes the fact that cooking lessons give young people practical skills. Studies in this field often disagree on the exact size of each effect, which complicates comparison. Measurement challenges mean that some trends are easier to document than others. Differences between regions suggest that local conditions strongly influence outcomes. Long-term monitoring is required to confirm whether current trends will continue. Comparisons across countries reveal that similar problems can produce very different results. Based on this evidence, the most promising responses are restrictions on marketing to children, healthier school meals and clearer food labelling. Each option carries costs, yet the expected benefits appear to outweigh them over time. Ultimately, the evidence indicates that nutrition and obesity cannot be understood or managed through isolated actions.","0","independent_one_common_point"
"PAIR_098","Student Mental Health","Student mental health has become one of the most widely debated issues of the modern era. This assignment examines several dimensions of student mental health and considers how each might be addressed. A central concern is that academic competition encourages perfectionism and burnout. For example, high achievers often feel that anything less than top marks is failure. It is also clear that peer support groups help students feel understood. This can be seen in the fact that student-led listening schemes have grown on several campuses. Another significant factor is that exam pressure creates stress that lasts for weeks. Evidence of this appears where many students describe sleepless nights before final papers. Furthermore, poor sleep and diet worsen mood and concentration. For example, energy drinks and skipped meals are common during exam season. A balanced analysis must recognise that social, economic and personal factors interact over time. No single policy or action can resolve every challenge in this area, so coordination is essential. Careful research and open public discussion remain necessary to guide sensible decisions. The scale of the issue means that delays in action are likely to increase the eventual costs. Public understanding of these questions is still uneven, which makes informed debate harder. To respond effectively, policymakers and individuals should consider mental health education from an early age, more campus counsellors and campaigns that reduce stigma. Taken together, these measures would lower the long-term risks and spread the benefits more fairly. In conclusion, student mental health demands sustained attention from institutions, communities and individuals alike.","Student mental health has become one of the most widely debated issues of the modern era. This assignment examines several dimensions of student mental health and considers how each might be addressed. A central concern is that academic competition encourages perfectionism and burnout. For example, high achievers often feel that anything less than top marks is failure. It is also clear that peer support groups help students feel understood. This can be seen in the fact that student-led listening schemes have grown on several campuses. Another significant factor is that financial worries add strain to university life. Evidence of this appears where part-time jobs often compete with study time. Furthermore, stigma prevents students from asking for support. For example, many young people fear being judged for admitting they struggle. A balanced analysis must recognise that social, economic and personal factors interact over time. No single policy or action can resolve every challenge in this area, so coordination is essential. Careful research and open public discussion remain necessary to guide sensible decisions. The scale of the issue means that delays in action are likely to increase the eventual costs. Public understanding of these questions is still uneven, which makes informed debate harder. To respond effectively, policymakers and individuals should consider mental health education from an early age, more campus counsellors and campaigns that reduce stigma. Taken together, these measures would lower the long-term risks and spread the benefits more fairly. In conclusion, student mental health demands sustained attention from institutions, communities and individuals alike.","1","partial_overlap_copy"
"PAIR_099","Cybersecurity","Cybersecurity has become one of the most widely debated issues of the modern era. This assignment examines multiple dimensions of cybersecurity and considers how each might be addressed. A central concern is that weak passwords leave personal accounts easy to break into. For example, numerous people still reuse one password across multiple websites. It is also clear that data breaches damage customer trust and bring heavy fines. This can be seen in the fact that retailers have lost millions after card details were stolen. Another important factor is that skills shortages leave many companies poorly defended. Evidence of this appears where minor businesses rarely employ a dedicated security expert. Furthermore, insider mistakes cause a surprising share of security incidents. For example, a misdirected email can expose thousands of customer records. A balanced analysis must recognise that social, economic and personal factors interact over time. No single policy or action can resolve every challenge in this area, so coordination is vital. Careful research and open public discussion remain required to guide sensible decisions. The scale of the issue means that delays in action are expected to increase the eventual costs. Public understanding of these questions is still uneven, which makes informed debate harder. Responsibility is shared between governments, businesses and ordinary citizens in different ways. To respond effectively, policymakers and individuals should consider regular staff awareness training, offline data backups and multi-factor authentication. Taken together, these steps would lower the long-term risks and spread the advantages more fairly. In conclusion, cybersecurity demands continued attention from institutions, communities and individuals alike.","Cybersecurity has become one of the most widely debated issues of the modern era. This assignment examines several dimensions of cybersecurity and considers how each might be addressed. A central concern is that weak passwords leave personal accounts easy to break into. For example, many people still reuse one password across several websites. It is also clear that data breaches damage customer trust and bring heavy fines. This can be seen in the fact that retailers have lost millions after card details were stolen. Another significant factor is that skills shortages leave many companies poorly defended. Evidence of this appears where small businesses rarely employ a dedicated security expert. Furthermore, insider mistakes cause a surprising share of security incidents. For example, a misdirected email can expose thousands of customer records. A balanced analysis must recognise that social, economic and personal factors interact over time. No single policy or action can resolve every challenge in this area, so coordination is essential. Careful research and open public discussion remain necessary to guide sensible decisions. The scale of the issue means that delays in action are likely to increase the eventual costs. Public understanding of these questions is still uneven, which makes informed debate harder. Responsibility is shared between governments, businesses and ordinary citizens in different ways. To respond effectively, policymakers and individuals should consider regular staff awareness training, offline data backups and multi-factor authentication. Taken together, these measures would lower the long-term risks and spread the benefits more fairly. In conclusion, cybersecurity demands sustained attention from institutions, communities and individuals alike.","1","near_duplicate_copy"
"PAIR_100","Remote Work","When I began researching remote work, I was surprised by how many different angles there are. In this assignment I describe the main problems I found and some realistic ways forward. First of all, social isolation affects people who live alone. A good illustration is that many remote staff say they miss casual conversations with colleagues. Another thing I noticed is that unequal home conditions make productivity depend on personal circumstances. To give one example, some employees work from a kitchen table in a shared flat. It is also worth mentioning that flexible schedules help employees balance work and family life. You can see this when parents can attend school events without taking leave. Then there is the fact that the lack of a commute saves time and reduces transport costs. A good illustration is that workers in large cities often spend two hours travelling each day. Before this project I had not really thought about how closely these things are connected. Talking to friends and family about it also showed me that people hold very different opinions. I think it is easy to ignore the topic because the effects often appear slowly. From what I read, the most practical steps would be allowances for home office equipment, mental health support for staff and clear working-hour policies. I believe these ideas are achievable if people are willing to cooperate and think about the long term. Overall, my research shows that remote work affects everyday life more than most people realise.","When I started researching remote work, I was surprised by how many different angles there are. In this assignment I describe the key problems I found and some practical ways forward. First of all, social isolation affects people who live alone. A good illustration is that numerous remote staff say they miss casual conversations with colleagues. Another thing I noticed is that unequal home conditions make productivity depend on personal circumstances. To give one example, some employees work from a kitchen table in a shared flat. It is also worth mentioning that flexible schedules help employees balance work and family life. You can see this when parents can attend school events without taking leave. Then there is the fact that the lack of a commute saves time and reduces transport costs. A good illustration is that workers in substantial cities frequently spend two hours travelling each day. Before this project I had not really thought about how closely these things are connected. Talking to friends and family about it also showed me that people hold very different opinions. I think it is easy to ignore the topic because the effects frequently appear slowly. From what I read, the most realistic steps would be allowances for home office equipment, mental health support for staff and evident working-hour policies. I believe these ideas are achievable if people are willing to cooperate and think about the long term. Overall, my research shows that remote work influences everyday life more than most people realise.","1","near_duplicate_copy"
